15,下諏訪,odpt.Station:JR-East.Chuo.ShimoSuwa,36.07204,138.08523
15,新府,odpt.Station:JR-East.Chuo.Shimpu,35.73709,138.43317
15,信濃境,odpt.Station:JR-East.Chuo.ShinanoSakai,35.88484,138.27522
15,笹子,odpt.Station:JR-East.Chuo.Sasago,35.60393,138.82533
15,塩尻,odpt.Station:JR-East.Chuo.Shiojiri,36.11453,137.94774
15,四方津,odpt.Station:JR-East.Chuo.Shiotsu,35.61406,139.07349
15,塩崎,odpt.Station:JR-East.Chuo.Shiozaki,35.68765,138.48799
15,すずらんの里,odpt.Station:JR-East.Chuo.Suzurannosato,35.93047,138.21179
15,高尾,odpt.Station:JR-East.Chuo.Takao,35.6424,139.28264
15,鳥沢,odpt.Station:JR-East.Chuo.Torisawa,35.60818,139.00319
15,上野原,odpt.Station:JR-East.Chuo.Uenohara,35.61823,139.11516
15,山梨市,odpt.Station:JR-East.Chuo.Yamanashishi,35.68488,138.68297
15,梁川,odpt.Station:JR-East.Chuo.Yanagawa,35.60601,139.03711
47,今市,odpt.Station:JR-East.Nikko.Imaichi,36.72034,139.68729
35,上総亀山,odpt.Station:JR-East.Kururi.KazusaKameyama,35.23302,140.08926
15,塩山,odpt.Station:JR-East.Chuo.Enzan,35.70515,138.73463
8,喜多方,odpt.Station:JR-East.BanetsuWest.Kitakata,37.64385,139.86834
15,富士見,odpt.Station:JR-East.Chuo.Fujimi,35.91206,138.238
65,会津若松,odpt.Station:JR-East.Tadami.AizuWakamatsu,37.50887,139.93001
15,穴山,odpt.Station:JR-East.Chuo.Anayama,35.7507,138.41382
15,青柳,odpt.Station:JR-East.Chuo.Aoyagi,35.94261,138.19745
15,茅野,odpt.Station:JR-East.Chuo.Chino,35.99483,138.15189
47,鹿沼,odpt.Station:JR-East.Nikko.Kanuma,36.57119,139.76284
15,藤野,odpt.Station:JR-East.Chuo.Fujino,35.61601,139.15127
21,熱海,odpt.Station:JR-East.Ito.Atami,35.10356,139.07768
15,初狩,odpt.Station:JR-East.Chuo.Hatsukari,35.59406,138.88351
15,猿橋,odpt.Station:JR-East.Chuo.Saruhashi,35.61267,138.96823
15,東山梨,odpt.Station:JR-East.Chuo.HigashiYamanashi,35.69432,138.70297
15,日野春,odpt.Station:JR-East.Chuo.Hinoharu,35.79041,138.3941
15,石和温泉,odpt.Station:JR-East.Chuo.IsawaOnsen,35.65738,138.63436
15,甲斐大和,odpt.Station:JR-East.Chuo.KaiYamato,35.63933,138.78157
15,上諏訪,odpt.Station:JR-East.Chuo.KamiSuwa,36.04677,138.11606
15,春日居町,odpt.Station:JR-East.Chuo.Kasugaicho,35.67321,138.65881
21,伊東,odpt.Station:JR-East.Ito.Ito,34.97469,139.09185
15,勝沼ぶどう郷,odpt.Station:JR-East.Chuo.Katsunumabudokyo,35.67266,138.74296
15,小淵沢,odpt.Station:JR-East.Chuo.Kobuchizawa,35.86374,138.31633
47,日光,odpt.Station:JR-East.Nikko.Nikko,36.74728,139.62201
15,甲府,odpt.Station:JR-East.Chuo.Kofu,35.66682,138.56881
21,網代,odpt.Station:JR-East.Ito.Ajiro,35.04329,139.08102
15,みどり湖,odpt.Station:JR-East.Chuo.Midoriko,36.09398,137.9819
15,韮崎,odpt.Station:JR-East.Chuo.Nirasaki,35.70959,138.45132
15,長坂,odpt.Station:JR-East.Chuo.Nagasaka,35.82707,138.36632
15,岡谷,odpt.Station:JR-East.Chuo.Okaya,36.05648,138.04495
15,大月,odpt.Station:JR-East.Chuo.Otsuki,35.61323,138.94267
52,小俣,odpt.Station:JR-East.Ryomo.Omata,36.37482,139.37427
52,思川,odpt.Station:JR-East.Ryomo.Omoigawa,36.35094,139.78118
15,竜王,odpt.Station:JR-East.Chuo.Ryuo,35.66849,138.5191
15,相模湖,odpt.Station:JR-East.Chuo.Sagamiko,35.61712,139.18848
15,酒折,odpt.Station:JR-East.Chuo.Sakaori,35.6596,138.59909
52,小山,odpt.Station:JR-East.Ryomo.Oyama,36.31261,139.80618
1,長野原草津口,odpt.Station:JR-East.Agatsuma.Naganoharakusatsuguchi,36.54649,138.64958
13,阿佐ケ谷,odpt.Station:JR-East.ChuoRapid.Asagaya,35.70462,139.63566
13,八王子,odpt.Station:JR-East.ChuoRapid.Hachioji,35.65545,139.33903
13,東小金井,odpt.Station:JR-East.ChuoRapid.HigashiKoganei,35.70156,139.52373
13,日野,odpt.Station:JR-East.ChuoRapid.Hino,35.67851,139.39346
13,神田,odpt.Station:JR-East.ChuoRapid.Kanda,35.69157,139.77065
13,吉祥寺,odpt.Station:JR-East.ChuoRapid.Kichijoji,35.70295,139.57984
47,下野大沢,odpt.Station:JR-East.Nikko.ShimotsukeOsawa,36.68674,139.73228
13,高円寺,odpt.Station:JR-East.ChuoRapid.Koenji,35.70518,139.64955
13,国分寺,odpt.Station:JR-East.ChuoRapid.Kokubunji,35.6999,139.48096
13,国立,odpt.Station:JR-East.ChuoRapid.Kunitachi,35.69906,139.44651
13,三鷹,odpt.Station:JR-East.ChuoRapid.Mitaka,35.70268,139.56067
13,武蔵小金井,odpt.Station:JR-East.ChuoRapid.MusashiKoganei,35.70101,139.50595
29,宝積寺,odpt.Station:JR-East.Karasuyama.Hoshakuji,36.63147,139.97949
13,武蔵境,odpt.Station:JR-East.ChuoRapid.MusashiSakai,35.70184,139.54345
13,中野,odpt.Station:JR-East.ChuoRapid.Nakano,35.70573,139.66594
13,西八王子,odpt.Station:JR-East.ChuoRapid.NishiHachioji,35.65601,139.31181
13,西国分寺,odpt.Station:JR-East.ChuoRapid.NishiKokubunji,35.69962,139.46596
13,西荻窪,odpt.Station:JR-East.ChuoRapid.NishiOgikubo,35.70351,139.59928
13,御茶ノ水,odpt.Station:JR-East.ChuoRapid.Ochanomizu,35.69935,139.7651
13,荻窪,odpt.Station:JR-East.ChuoRapid.Ogikubo,35.70434,139.62011
13,新宿,odpt.Station:JR-East.ChuoRapid.Shinjuku,35.69018,139.70038
13,立川,odpt.Station:JR-East.ChuoRapid.Tachikawa,35.69795,139.41374
13,高尾,odpt.Station:JR-East.ChuoRapid.Takao,35.6424,139.28264
13,東京,odpt.Station:JR-East.ChuoRapid.Tokyo,35.6813,139.76704
13,豊田,odpt.Station:JR-East.ChuoRapid.Toyoda,35.65934,139.38124
13,四ツ谷,odpt.Station:JR-East.ChuoRapid.Yotsuya,35.6849,139.73038
14,秋葉原,odpt.Station:JR-East.ChuoSobuLocal.Akihabara,35.69824,139.77288
14,阿佐ケ谷,odpt.Station:JR-East.ChuoSobuLocal.Asagaya,35.70462,139.63566
14,浅草橋,odpt.Station:JR-East.ChuoSobuLocal.Asakusabashi,35.6974,139.78399
14,千葉,odpt.Station:JR-East.ChuoSobuLocal.Chiba,35.61353,140.11257
14,船橋,odpt.Station:JR-East.ChuoSobuLocal.Funabashi,35.70158,139.9848
14,東船橋,odpt.Station:JR-East.ChuoSobuLocal.HigashiFunabashi,35.69963,140.00397
14,東中野,odpt.Station:JR-East.ChuoSobuLocal.HigashiNakano,35.70601,139.68483
14,平井,odpt.Station:JR-East.ChuoSobuLocal.Hirai,35.70629,139.84231
14,市ケ谷,odpt.Station:JR-East.ChuoSobuLocal.Ichigaya,35.69102,139.7351
14,市川,odpt.Station:JR-East.ChuoSobuLocal.Ichikawa,35.72879,139.90786
14,飯田橋,odpt.Station:JR-East.ChuoSobuLocal.Iidabashi,35.70157,139.74482
14,稲毛,odpt.Station:JR-East.ChuoSobuLocal.Inage,35.63714,140.09257
14,亀戸,odpt.Station:JR-East.ChuoSobuLocal.Kameido,35.69713,139.82648
14,吉祥寺,odpt.Station:JR-East.ChuoSobuLocal.Kichijoji,35.70295,139.57984
14,錦糸町,odpt.Station:JR-East.ChuoSobuLocal.Kinshicho,35.69657,139.81398
14,高円寺,odpt.Station:JR-East.ChuoSobuLocal.Koenji,35.70518,139.64955
14,小岩,odpt.Station:JR-East.ChuoSobuLocal.Koiwa,35.73324,139.88175
14,幕張本郷,odpt.Station:JR-East.ChuoSobuLocal.Makuharihongo,35.67297,140.04174
14,幕張,odpt.Station:JR-East.ChuoSobuLocal.Makuhari,35.65936,140.05758
14,三鷹,odpt.Station:JR-East.ChuoSobuLocal.Mitaka,35.70268,139.56067
14,本八幡,odpt.Station:JR-East.ChuoSobuLocal.MotoYawata,35.72074,139.92731
14,中野,odpt.Station:JR-East.ChuoSobuLocal.Nakano,35.70573,139.66594
14,西千葉,odpt.Station:JR-East.ChuoSobuLocal.NishiChiba,35.6227,140.10313
29,烏山,odpt.Station:JR-East.Karasuyama.Karasuyama,36.65009,140.15475
14,千駄ケ谷,odpt.Station:JR-East.ChuoSobuLocal.Sendagaya,35.68119,139.71153
14,下総中山,odpt.Station:JR-East.ChuoSobuLocal.ShimosaNakayama,35.71407,139.94286
14,西船橋,odpt.Station:JR-East.ChuoSobuLocal.NishiFunabashi,35.70713,139.95925
14,西荻窪,odpt.Station:JR-East.ChuoSobuLocal.NishiOgikubo,35.70351,139.59928
14,御茶ノ水,odpt.Station:JR-East.ChuoSobuLocal.Ochanomizu,35.69935,139.7651
14,荻窪,odpt.Station:JR-East.ChuoSobuLocal.Ogikubo,35.70434,139.62011
14,大久保,odpt.Station:JR-East.ChuoSobuLocal.Okubo,35.70046,139.69733
14,両国,odpt.Station:JR-East.ChuoSobuLocal.Ryogoku,35.69574,139.79315
14,新検見川,odpt.Station:JR-East.ChuoSobuLocal.ShinKemigawa,35.65185,140.07331
14,新小岩,odpt.Station:JR-East.ChuoSobuLocal.ShinKoiwa,35.71685,139.85787
14,信濃町,odpt.Station:JR-East.ChuoSobuLocal.Shinanomachi,35.67991,139.72094
14,新宿,odpt.Station:JR-East.ChuoSobuLocal.Shinjuku,35.69018,139.70038
14,水道橋,odpt.Station:JR-East.ChuoSobuLocal.Suidobashi,35.70207,139.75341
14,津田沼,odpt.Station:JR-East.ChuoSobuLocal.Tsudanuma,35.6913,140.02008
14,四ツ谷,odpt.Station:JR-East.ChuoSobuLocal.Yotsuya,35.6849,139.73038
14,代々木,odpt.Station:JR-East.ChuoSobuLocal.Yoyogi,35.68352,139.70205
18,群馬藤岡,odpt.Station:JR-East.Hachiko.GummaFujioka,36.2501,139.08319
18,八王子,odpt.Station:JR-East.Hachiko.Hachioji,35.65545,139.33903
29,小塙,odpt.Station:JR-East.Karasuyama.Kobana,36.64286,140.11642
18,拝島,odpt.Station:JR-East.Hachiko.Haijima,35.72128,139.34347
18,箱根ケ崎,odpt.Station:JR-East.Hachiko.Hakonegasaki,35.77183,139.34652
18,東福生,odpt.Station:JR-East.Hachiko.HigashiFussa,35.74572,139.33569
18,東飯能,odpt.Station:JR-East.Hachiko.HigashiHanno,35.85293,139.32596
18,金子,odpt.Station:JR-East.Hachiko.Kaneko,35.81071,139.32846
18,北藤岡,odpt.Station:JR-East.Hachiko.KitaFujioka,36.28267,139.0805
18,北八王子,odpt.Station:JR-East.Hachiko.KitaHachioji,35.66906,139.36319
18,児玉,odpt.Station:JR-East.Hachiko.Kodama,36.19261,139.13569
18,高麗川,odpt.Station:JR-East.Hachiko.Komagawa,35.89626,139.3379
18,小宮,odpt.Station:JR-East.Hachiko.Komiya,35.68573,139.36847
18,倉賀野,odpt.Station:JR-East.Hachiko.Kuragano,36.30009,139.04958
18,松久,odpt.Station:JR-East.Hachiko.Matsuhisa,36.17289,139.1818
18,毛呂,odpt.Station:JR-East.Hachiko.Moro,35.9407,139.30902
18,明覚,odpt.Station:JR-East.Hachiko.Myokaku,36.00347,139.28929
18,小川町,odpt.Station:JR-East.Hachiko.Ogawamachi,36.05874,139.26068
18,越生,odpt.Station:JR-East.Hachiko.Ogose,35.96264,139.29902
18,折原,odpt.Station:JR-East.Hachiko.Orihara,36.09596,139.19513
18,高崎,odpt.Station:JR-East.Hachiko.Takasaki,36.32204,139.01264
18,竹沢,odpt.Station:JR-East.Hachiko.Takezawa,36.0754,139.22985
18,丹荘,odpt.Station:JR-East.Hachiko.Tansho,36.21673,139.10226
18,用土,odpt.Station:JR-East.Hachiko.Yodo,36.15398,139.20072
18,寄居,odpt.Station:JR-East.Hachiko.Yorii,36.11762,139.19319
21,伊豆多賀,odpt.Station:JR-East.Ito.IzuTaga,35.0594,139.06685
21,来宮,odpt.Station:JR-East.Ito.Kinomiya,35.09856,139.06546
21,宇佐美,odpt.Station:JR-East.Ito.Usami,35.00524,139.07991
29,鴻野山,odpt.Station:JR-East.Karasuyama.Konoyama,36.66619,140.0517
22,秋川,odpt.Station:JR-East.Itsukaichi.Akigawa,35.72794,139.2868
22,拝島,odpt.Station:JR-East.Itsukaichi.Haijima,35.72128,139.34347
22,東秋留,odpt.Station:JR-East.Itsukaichi.HigashiAkiru,35.72572,139.3118
22,熊川,odpt.Station:JR-East.Itsukaichi.Kumagawa,35.72822,139.33569
22,武蔵引田,odpt.Station:JR-East.Itsukaichi.MusashiHikida,35.72961,139.26958
22,武蔵五日市,odpt.Station:JR-East.Itsukaichi.MusashiItsukaichi,35.73183,139.2282
22,武蔵増戸,odpt.Station:JR-East.Itsukaichi.MusashiMasuko,35.73072,139.25625
26,赤塚,odpt.Station:JR-East.Joban.Akatsuka,36.38179,140.41529
26,荒川沖,odpt.Station:JR-East.Joban.Arakawaoki,36.03071,140.16588
26,藤代,odpt.Station:JR-East.Joban.Fujishiro,35.92059,140.11819
26,双葉,odpt.Station:JR-East.Joban.Futaba,37.45388,141.00583
26,浜吉田,odpt.Station:JR-East.Joban.Hamayoshida,38.00217,140.8899
26,原ノ町,odpt.Station:JR-East.Joban.Haranomachi,37.63805,140.97102
26,羽鳥,odpt.Station:JR-East.Joban.Hatori,36.24763,140.2867
26,広野,odpt.Station:JR-East.Joban.Hirono,37.21143,140.99854
26,久ノ浜,odpt.Station:JR-East.Joban.Hisanohama,37.14255,140.99549
26,常陸多賀,odpt.Station:JR-East.Joban.HitachiTaga,36.55205,140.63249
26,ひたち野うしく,odpt.Station:JR-East.Joban.Hitachinoushiku,36.00738,140.15839
26,日立,odpt.Station:JR-East.Joban.Hitachi,36.59038,140.66165
26,石岡,odpt.Station:JR-East.Joban.Ishioka,36.19153,140.27948
26,磯原,odpt.Station:JR-East.Joban.Isohara,36.79036,140.74608
26,磐城太田,odpt.Station:JR-East.Joban.IwakiOta,37.605,140.99158
26,いわき,odpt.Station:JR-East.Joban.Iwaki,37.05811,140.89217
26,岩間,odpt.Station:JR-East.Joban.Iwama,36.29541,140.27614
26,岩沼,odpt.Station:JR-East.Joban.Iwanuma,38.11188,140.86351
26,泉,odpt.Station:JR-East.Joban.Izumi,36.95563,140.85412
26,十王,odpt.Station:JR-East.Joban.Juo,36.67121,140.68581
26,偕楽園,odpt.Station:JR-East.Joban.Kairakuen,36.3729,140.45612
26,神立,odpt.Station:JR-East.Joban.Kandatsu,36.12043,140.24837
26,鹿島,odpt.Station:JR-East.Joban.Kashima,37.70277,140.96991
26,勝田,odpt.Station:JR-East.Joban.Katsuta,36.39401,140.52389
26,木戸,odpt.Station:JR-East.Joban.Kido,37.25754,141.00243
26,駒ケ嶺,odpt.Station:JR-East.Joban.Komagamine,37.84247,140.92491
26,草野,odpt.Station:JR-East.Joban.Kusano,37.07367,140.94688
26,南中郷,odpt.Station:JR-East.Joban.MinamiNakago,36.75342,140.72886
26,南仙台,odpt.Station:JR-East.Joban.MinamiSendai,38.19715,140.88323
26,水戸,odpt.Station:JR-East.Joban.Mito,36.37068,140.47612
26,桃内,odpt.Station:JR-East.Joban.Momouchi,37.52862,140.98408
26,長町,odpt.Station:JR-East.Joban.Nagamachi,38.22687,140.886
26,勿来,odpt.Station:JR-East.Joban.Nakoso,36.88369,140.78635
26,浪江,odpt.Station:JR-East.Joban.Namie,37.49223,140.98964
26,名取,odpt.Station:JR-East.Joban.Natori,38.17299,140.88267
26,日立木,odpt.Station:JR-East.Joban.Nittaki,37.75581,140.93463
26,小高,odpt.Station:JR-East.Joban.Odaka,37.56278,140.99602
26,小木津,odpt.Station:JR-East.Joban.Ogitsu,36.63677,140.67526
26,逢隈,odpt.Station:JR-East.Joban.Okuma,38.06772,140.85462
26,大甕,odpt.Station:JR-East.Joban.Omika,36.51289,140.61916
26,大野,odpt.Station:JR-East.Joban.Ono,37.40919,140.98409
26,大津港,odpt.Station:JR-East.Joban.Otsuko,36.84591,140.77774
26,坂元,odpt.Station:JR-East.Joban.Sakamoto,37.924361,140.901083
26,佐貫,odpt.Station:JR-East.Joban.Sanuki,35.92961,140.13784
26,佐和,odpt.Station:JR-East.Joban.Sawa,36.4304,140.54028
26,仙台,odpt.Station:JR-East.Joban.Sendai,38.25992,140.88239
26,新地,odpt.Station:JR-East.Joban.Shinchi,37.879222,140.925667
26,相馬,odpt.Station:JR-East.Joban.Soma,37.80259,140.92569
26,末続,odpt.Station:JR-East.Joban.Suetsugi,37.17227,140.99576
26,太子堂,odpt.Station:JR-East.Joban.Taishido,38.2177,140.88323
26,高萩,odpt.Station:JR-East.Joban.Takahagi,36.71461,140.71701
26,高浜,odpt.Station:JR-East.Joban.Takahama,36.16348,140.2942
26,館腰,odpt.Station:JR-East.Joban.Tatekoshi,38.14311,140.88022
26,竜田,odpt.Station:JR-East.Joban.Tatsuta,37.28226,141.0027
26,東海,odpt.Station:JR-East.Joban.Tokai,36.4654,140.56583
26,富岡,odpt.Station:JR-East.Joban.Tomioka,37.33428,141.02288
26,友部,odpt.Station:JR-East.Joban.Tomobe,36.3504,140.30558
26,取手,odpt.Station:JR-East.Joban.Toride,35.89545,140.06284
26,土浦,odpt.Station:JR-East.Joban.Tsuchiura,36.07853,140.2062
26,内郷,odpt.Station:JR-East.Joban.Uchigo,37.03589,140.85467
26,内原,odpt.Station:JR-East.Joban.Uchihara,36.37012,140.35252
26,植田,odpt.Station:JR-East.Joban.Ueda,36.9208,140.79652
26,牛久,odpt.Station:JR-East.Joban.Ushiku,35.97488,140.14061
26,亘理,odpt.Station:JR-East.Joban.Watari,38.03967,140.86129
26,山下,odpt.Station:JR-East.Joban.Yamashita,37.966083,140.889444
26,夜ノ森,odpt.Station:JR-East.Joban.Yonomori,37.36586,140.99187
26,四ツ倉,odpt.Station:JR-East.Joban.Yotsukura,37.10228,140.98077
26,湯本,odpt.Station:JR-East.Joban.Yumoto,37.00673,140.84967
23,我孫子,odpt.Station:JR-East.JobanLocal.Abiko,35.87267,140.01063
23,綾瀬,odpt.Station:JR-East.JobanLocal.Ayase,35.76212,139.82481
23,亀有,odpt.Station:JR-East.JobanLocal.Kameari,35.76629,139.84731
23,金町,odpt.Station:JR-East.JobanLocal.Kanamachi,35.76934,139.87009
23,柏,odpt.Station:JR-East.JobanLocal.Kashiwa,35.86184,139.97091
23,北柏,odpt.Station:JR-East.JobanLocal.KitaKashiwa,35.87545,139.98785
23,北小金,odpt.Station:JR-East.JobanLocal.KitaKogane,35.83295,139.93063
23,北松戸,odpt.Station:JR-East.JobanLocal.KitaMatsudo,35.80045,139.91147
23,馬橋,odpt.Station:JR-East.JobanLocal.Mabashi,35.81128,139.91703
23,松戸,odpt.Station:JR-East.JobanLocal.Matsudo,35.78434,139.90064
23,南柏,odpt.Station:JR-East.JobanLocal.MinamiKashiwa,35.84462,139.95424
47,鶴田,odpt.Station:JR-East.Nikko.Tsuruta,36.5382,139.85817
23,新松戸,odpt.Station:JR-East.JobanLocal.ShimMatsudo,35.82545,139.92091
23,天王台,odpt.Station:JR-East.JobanLocal.Tennodai,35.87239,140.0409
23,取手,odpt.Station:JR-East.JobanLocal.Toride,35.89545,140.06284
25,我孫子,odpt.Station:JR-East.JobanRapid.Abiko,35.87267,140.01063
29,仁井田,odpt.Station:JR-East.Karasuyama.Niita,36.65703,140.02948
25,柏,odpt.Station:JR-East.JobanRapid.Kashiwa,35.86184,139.97091
25,北千住,odpt.Station:JR-East.JobanRapid.KitaSenju,35.7499,139.80482
25,松戸,odpt.Station:JR-East.JobanRapid.Matsudo,35.78434,139.90064
25,三河島,odpt.Station:JR-East.JobanRapid.Mikawashima,35.73323,139.77676
25,南千住,odpt.Station:JR-East.JobanRapid.MinamiSenju,35.73407,139.79926
25,日暮里,odpt.Station:JR-East.JobanRapid.Nippori,35.72712,139.77093
25,新橋,odpt.Station:JR-East.JobanRapid.Shimbashi,35.6663,139.75788
25,品川,odpt.Station:JR-East.JobanRapid.Shinagawa,35.6288,139.73871
25,天王台,odpt.Station:JR-East.JobanRapid.Tennodai,35.87239,140.0409
25,東京,odpt.Station:JR-East.JobanRapid.Tokyo,35.6813,139.76704
25,取手,odpt.Station:JR-East.JobanRapid.Toride,35.89545,140.06284
25,上野,odpt.Station:JR-East.JobanRapid.Ueno,35.71351,139.77676
29,大金,odpt.Station:JR-East.Karasuyama.Ogane,36.65619,140.09559
29,下野花岡,odpt.Station:JR-East.Karasuyama.ShimotsukeHanaoka,36.6498,140.00837
29,滝,odpt.Station:JR-East.Karasuyama.Taki,36.64871,140.13817
30,潮来,odpt.Station:JR-East.Kashima.Itako,35.9374,140.54974
30,十二橋,odpt.Station:JR-East.Kashima.Junikyo,35.91733,140.54574
30,鹿島サッカースタジアム,odpt.Station:JR-East.Kashima.KashimaSoccerStadium,35.99251,140.63615
30,鹿島神宮,odpt.Station:JR-East.Kashima.Kashimajingu,35.9707,140.62599
30,香取,odpt.Station:JR-East.Kashima.Katori,35.89768,140.53225
30,延方,odpt.Station:JR-East.Kashima.Nobukata,35.95795,140.58863
30,佐原,odpt.Station:JR-East.Kashima.Sawara,35.8949,140.49364
32,笠幡,odpt.Station:JR-East.Kawagoe.Kasahata,35.90737,139.40623
32,川越,odpt.Station:JR-East.Kawagoe.Kawagoe,35.90654,139.48317
32,高麗川,odpt.Station:JR-East.Kawagoe.Komagawa,35.89626,139.3379
32,的場,odpt.Station:JR-East.Kawagoe.Matoba,35.91737,139.4354
32,武蔵高萩,odpt.Station:JR-East.Kawagoe.MusashiTakahagi,35.90154,139.37096
32,西川越,odpt.Station:JR-East.Kawagoe.NishiKawagoe,35.91904,139.45984
33,赤羽,odpt.Station:JR-East.KeihinTohokuNegishi.Akabane,35.77767,139.72093
33,磯子,odpt.Station:JR-East.KeihinTohokuNegishi.Isogo,35.40049,139.61818
33,秋葉原,odpt.Station:JR-East.KeihinTohokuNegishi.Akihabara,35.69824,139.77288
33,浜松町,odpt.Station:JR-East.KeihinTohokuNegishi.Hamamatsucho,35.65546,139.75705
33,東十条,odpt.Station:JR-East.KeihinTohokuNegishi.HigashiJujo,35.76378,139.72677
33,東神奈川,odpt.Station:JR-East.KeihinTohokuNegishi.HigashiKanagawa,35.4777,139.63317
33,本郷台,odpt.Station:JR-East.KeihinTohokuNegishi.Hongodai,35.36771,139.54985
33,石川町,odpt.Station:JR-East.KeihinTohokuNegishi.Ishikawacho,35.43854,139.64317
33,蒲田,odpt.Station:JR-East.KeihinTohokuNegishi.Kamata,35.56214,139.71566
33,上中里,odpt.Station:JR-East.KeihinTohokuNegishi.KamiNakazato,35.74684,139.74593
33,神田,odpt.Station:JR-East.KeihinTohokuNegishi.Kanda,35.69157,139.77065
33,関内,odpt.Station:JR-East.KeihinTohokuNegishi.Kannai,35.4441,139.63595
33,川口,odpt.Station:JR-East.KeihinTohokuNegishi.Kawaguchi,35.80156,139.71732
33,川崎,odpt.Station:JR-East.KeihinTohokuNegishi.Kawasaki,35.53131,139.69678
33,北浦和,odpt.Station:JR-East.KeihinTohokuNegishi.KitaUrawa,35.8721,139.64594
33,港南台,odpt.Station:JR-East.KeihinTohokuNegishi.Konandai,35.37521,139.57624
33,南浦和,odpt.Station:JR-East.KeihinTohokuNegishi.MinamiUrawa,35.84766,139.66899
33,根岸,odpt.Station:JR-East.KeihinTohokuNegishi.Negishi,35.41577,139.63595
33,日暮里,odpt.Station:JR-East.KeihinTohokuNegishi.Nippori,35.72712,139.77093
33,西川口,odpt.Station:JR-East.KeihinTohokuNegishi.NishiKawaguchi,35.81544,139.70399
33,西日暮里,odpt.Station:JR-East.KeihinTohokuNegishi.NishiNippori,35.73184,139.76676
33,大船,odpt.Station:JR-East.KeihinTohokuNegishi.Ofuna,35.35383,139.53124
33,大井町,odpt.Station:JR-East.KeihinTohokuNegishi.Oimachi,35.60658,139.73483
33,王子,odpt.Station:JR-East.KeihinTohokuNegishi.Oji,35.75212,139.73815
33,御徒町,odpt.Station:JR-East.KeihinTohokuNegishi.Okachimachi,35.70713,139.77454
33,大宮,odpt.Station:JR-East.KeihinTohokuNegishi.Omiya,35.90627,139.62427
33,大森,odpt.Station:JR-East.KeihinTohokuNegishi.Omori,35.5888,139.72788
33,さいたま新都心,odpt.Station:JR-East.KeihinTohokuNegishi.SaitamaShintoshin,35.89377,139.63344
33,桜木町,odpt.Station:JR-East.KeihinTohokuNegishi.Sakuragicho,35.45076,139.63095
33,新橋,odpt.Station:JR-East.KeihinTohokuNegishi.Shimbashi,35.6663,139.75788
33,蕨,odpt.Station:JR-East.KeihinTohokuNegishi.Warabi,35.82803,139.6905
33,新子安,odpt.Station:JR-East.KeihinTohokuNegishi.ShinKoyasu,35.48687,139.65401
33,新杉田,odpt.Station:JR-East.KeihinTohokuNegishi.ShinSugita,35.38716,139.61929
33,品川,odpt.Station:JR-East.KeihinTohokuNegishi.Shinagawa,35.6288,139.73871
33,田端,odpt.Station:JR-East.KeihinTohokuNegishi.Tabata,35.7374,139.76149
33,田町,odpt.Station:JR-East.KeihinTohokuNegishi.Tamachi,35.64574,139.7476
33,山手,odpt.Station:JR-East.KeihinTohokuNegishi.Yamate,35.42689,139.6464
33,洋光台,odpt.Station:JR-East.KeihinTohokuNegishi.Yokodai,35.37855,139.59679
33,東京,odpt.Station:JR-East.KeihinTohokuNegishi.Tokyo,35.6813,139.76704
33,鶴見,odpt.Station:JR-East.KeihinTohokuNegishi.Tsurumi,35.50826,139.67595
33,上野,odpt.Station:JR-East.KeihinTohokuNegishi.Ueno,35.71351,139.77676
33,鶯谷,odpt.Station:JR-East.KeihinTohokuNegishi.Uguisudani,35.72129,139.77787
33,浦和,odpt.Station:JR-East.KeihinTohokuNegishi.Urawa,35.85849,139.65732
52,岩舟,odpt.Station:JR-East.Ryomo.Iwafune,36.3265,139.65786
33,横浜,odpt.Station:JR-East.KeihinTohokuNegishi.Yokohama,35.46576,139.62234
33,与野,odpt.Station:JR-East.KeihinTohokuNegishi.Yono,35.88432,139.63899
33,有楽町,odpt.Station:JR-East.KeihinTohokuNegishi.Yurakucho,35.67491,139.76288
34,千葉みなと,odpt.Station:JR-East.Keiyo.Chibaminato,35.60681,140.10275
34,越中島,odpt.Station:JR-East.Keiyo.Etchujima,35.66713,139.79315
34,二俣新町,odpt.Station:JR-East.Keiyo.Futamatashimmachi,35.69102,139.95925
34,八丁堀,odpt.Station:JR-East.Keiyo.Hatchobori,35.67462,139.77799
34,市川塩浜,odpt.Station:JR-East.Keiyo.Ichikawashiohama,35.6663,139.92314
34,稲毛海岸,odpt.Station:JR-East.Keiyo.Inagekaigan,35.62936,140.07369
35,祇園,odpt.Station:JR-East.Kururi.Gion,35.39133,139.94815
34,海浜幕張,odpt.Station:JR-East.Keiyo.Kaihimmakuhari,35.64853,140.04174
34,新習志野,odpt.Station:JR-East.Keiyo.ShinNarashino,35.66714,140.01286
34,葛西臨海公園,odpt.Station:JR-East.Keiyo.Kasairinkaikoen,35.64436,139.86148
34,検見川浜,odpt.Station:JR-East.Keiyo.Kemigawahama,35.63714,140.05897
34,舞浜,odpt.Station:JR-East.Keiyo.Maihama,35.63603,139.8837
34,南船橋,odpt.Station:JR-East.Keiyo.MinamiFunabashi,35.68158,139.99564
34,西船橋,odpt.Station:JR-East.Keiyo.NishiFunabashi,35.70713,139.95925
52,岩宿,odpt.Station:JR-East.Ryomo.Iwajuku,36.39592,139.29705
34,新木場,odpt.Station:JR-East.Keiyo.ShinKiba,35.64602,139.82648
34,新浦安,odpt.Station:JR-East.Keiyo.ShinUrayasu,35.64936,139.91231
34,潮見,odpt.Station:JR-East.Keiyo.Shiomi,35.6588,139.81676
34,蘇我,odpt.Station:JR-East.Keiyo.Soga,35.58215,140.13063
34,東京,odpt.Station:JR-East.Keiyo.Tokyo,35.6813,139.76704
52,桐生,odpt.Station:JR-East.Ryomo.Kiryu,36.41037,139.33316
35,東清川,odpt.Station:JR-East.Kururi.HigashiKiyokawa,35.38994,139.98565
35,東横田,odpt.Station:JR-East.Kururi.HigashiYokota,35.38606,140.03592
35,平山,odpt.Station:JR-East.Kururi.Hirayama,35.27413,140.06453
35,上総清川,odpt.Station:JR-East.Kururi.KazusaKiyokawa,35.39078,139.96537
35,上総松丘,odpt.Station:JR-East.Kururi.KazusaMatsuoka,35.25802,140.06398
35,木更津,odpt.Station:JR-East.Kururi.Kisarazu,35.38161,139.92593
35,久留里,odpt.Station:JR-East.Kururi.Kururi,35.29551,140.07537
35,馬来田,odpt.Station:JR-East.Kururi.Makuta,35.36662,140.05842
35,小櫃,odpt.Station:JR-East.Kururi.Obitsu,35.32801,140.05981
35,下郡,odpt.Station:JR-East.Kururi.Shimogori,35.35495,140.05537
35,俵田,odpt.Station:JR-East.Kururi.Tawarada,35.31461,140.0614
35,横田,odpt.Station:JR-East.Kururi.Yokota,35.38606,140.02009
36,小山,odpt.Station:JR-East.Mito.Oyama,36.31261,139.80618
52,駒形,odpt.Station:JR-East.Ryomo.Komagata,36.35398,139.13957
38,府中本町,odpt.Station:JR-East.Musashino.Fuchuhommachi,35.66573,139.47707
38,船橋法典,odpt.Station:JR-East.Musashino.Funabashihoten,35.73018,139.96675
38,東川口,odpt.Station:JR-East.Musashino.HigashiKawaguchi,35.87516,139.74398
52,佐野,odpt.Station:JR-East.Ryomo.Sano,36.3165,139.57898
38,東松戸,odpt.Station:JR-East.Musashino.HigashiMatsudo,35.7699,139.94258
38,東所沢,odpt.Station:JR-East.Musashino.HigashiTokorozawa,35.79489,139.51428
38,東浦和,odpt.Station:JR-East.Musashino.HigashiUrawa,35.86377,139.70426
52,国定,odpt.Station:JR-East.Ryomo.Kunisada,36.35898,139.24234
38,市川大野,odpt.Station:JR-East.Musashino.Ichikawaono,35.75518,139.95147
38,北朝霞,odpt.Station:JR-East.Musashino.KitaAsaka,35.81544,139.58733
38,北府中,odpt.Station:JR-East.Musashino.KitaFuchu,35.68073,139.47179
38,越谷レイクタウン,odpt.Station:JR-East.Musashino.KoshigayaLaketown,35.87638,139.82214
38,南越谷,odpt.Station:JR-East.Musashino.MinamiKoshigaya,35.876,139.79092
38,南流山,odpt.Station:JR-East.Musashino.MinamiNagareyama,35.83767,139.90397
52,大平下,odpt.Station:JR-East.Ryomo.Ohirashita,36.34427,139.69702
38,南浦和,odpt.Station:JR-East.Musashino.MinamiUrawa,35.84766,139.66899
38,三郷,odpt.Station:JR-East.Musashino.Misato,35.84461,139.88675
43,川崎,odpt.Station:JR-East.Nambu.Kawasaki,35.53131,139.69678
38,武蔵浦和,odpt.Station:JR-East.Musashino.MusashiUrawa,35.846,139.64788
38,新座,odpt.Station:JR-East.Musashino.Niiza,35.80378,139.55622
38,西船橋,odpt.Station:JR-East.Musashino.NishiFunabashi,35.70713,139.95925
38,西国分寺,odpt.Station:JR-East.Musashino.NishiKokubunji,35.69962,139.46596
52,前橋大島,odpt.Station:JR-East.Ryomo.Maebashioshima,36.37073,139.10933
38,西浦和,odpt.Station:JR-East.Musashino.NishiUrawa,35.84405,139.6276
38,新松戸,odpt.Station:JR-East.Musashino.ShimMatsudo,35.82545,139.92091
38,新三郷,odpt.Station:JR-East.Musashino.ShimMisato,35.85873,139.86932
38,新秋津,odpt.Station:JR-East.Musashino.ShinAkitsu,35.77822,139.49345
38,新小平,odpt.Station:JR-East.Musashino.ShinKodaira,35.731,139.47068
38,新八柱,odpt.Station:JR-East.Musashino.ShinYahashira,35.79204,139.93833
52,前橋,odpt.Station:JR-East.Ryomo.Maebashi,36.38314,139.07263
38,吉川美南,odpt.Station:JR-East.Musashino.Yoshikawaminami,35.86822,139.85786
38,吉川,odpt.Station:JR-East.Musashino.Yoshikawa,35.87655,139.84342
43,分倍河原,odpt.Station:JR-East.Nambu.Bubaigawara,35.66823,139.46874
43,府中本町,odpt.Station:JR-East.Nambu.Fuchuhommachi,35.66573,139.47707
43,平間,odpt.Station:JR-East.Nambu.Hirama,35.56047,139.67095
43,稲田堤,odpt.Station:JR-East.Nambu.Inadazutsumi,35.63324,139.53595
43,矢向,odpt.Station:JR-East.Nambu.Yako,35.53936,139.68039
43,稲城長沼,odpt.Station:JR-East.Nambu.Inaginaganuma,35.64407,139.50235
43,鹿島田,odpt.Station:JR-East.Nambu.Kashimada,35.55131,139.67483
43,久地,odpt.Station:JR-East.Nambu.Kuji,35.60991,139.59317
43,南多摩,odpt.Station:JR-East.Nambu.MinamiTama,35.64907,139.48957
43,向河原,odpt.Station:JR-East.Nambu.Mukaigawara,35.57242,139.66733
43,武蔵小杉,odpt.Station:JR-East.Nambu.MusashiKosugi,35.57562,139.66194
43,武蔵溝ノ口,odpt.Station:JR-East.Nambu.MusashiMizonokuchi,35.59852,139.6115
47,文挟,odpt.Station:JR-East.Nikko.Fubasami,36.63757,139.72756
43,武蔵中原,odpt.Station:JR-East.Nambu.MusashiNakahara,35.5813,139.64067
43,武蔵新城,odpt.Station:JR-East.Nambu.MusashiShinjo,35.58714,139.62928
43,中野島,odpt.Station:JR-East.Nambu.Nakanoshima,35.63009,139.55087
43,西国立,odpt.Station:JR-East.Nambu.NishiKunitachi,35.69351,139.42374
43,西府,odpt.Station:JR-East.Nambu.Nishifu,35.67069,139.45741
46,佐倉,odpt.Station:JR-East.Narita.Sakura,35.70964,140.22645
43,登戸,odpt.Station:JR-East.Nambu.Noborito,35.62046,139.5704
43,尻手,odpt.Station:JR-East.Nambu.Shitte,35.53075,139.684
43,宿河原,odpt.Station:JR-East.Nambu.Shukugawara,35.61519,139.57956
43,立川,odpt.Station:JR-East.Nambu.Tachikawa,35.69795,139.41374
43,津田山,odpt.Station:JR-East.Nambu.Tsudayama,35.60379,139.60057
43,矢川,odpt.Station:JR-East.Nambu.Yagawa,35.6849,139.43152
43,谷保,odpt.Station:JR-East.Nambu.Yaho,35.68129,139.44652
43,矢野口,odpt.Station:JR-East.Nambu.Yanokuchi,35.64157,139.5204
39,浜川崎,odpt.Station:JR-East.NambuBranch.HamaKawasaki,35.5102,139.71344
39,八丁畷,odpt.Station:JR-East.NambuBranch.Hatchonawate,35.52298,139.69122
39,川崎新町,odpt.Station:JR-East.NambuBranch.Kawasakishimmachi,35.51798,139.69956
39,小田栄,odpt.Station:JR-East.NambuBranch.Odasakae,35.51444,139.70497
39,尻手,odpt.Station:JR-East.NambuBranch.Shitte,35.53075,139.684
46,銚子,odpt.Station:JR-East.Narita.Choshi,35.72946,140.82731
46,香取,odpt.Station:JR-East.Narita.Katori,35.89768,140.53225
46,久住,odpt.Station:JR-East.Narita.Kuzumi,35.83213,140.33866
46,松岸,odpt.Station:JR-East.Narita.Matsugishi,35.73937,140.79501
46,滑河,odpt.Station:JR-East.Narita.Namegawa,35.87684,140.34782
46,成田,odpt.Station:JR-East.Narita.Narita,35.77741,140.31338
46,小見川,odpt.Station:JR-East.Narita.Omigawa,35.84991,140.60419
46,大戸,odpt.Station:JR-East.Narita.Oto,35.8899,140.45753
46,笹川,odpt.Station:JR-East.Narita.Sasagawa,35.83936,140.65557
46,佐原,odpt.Station:JR-East.Narita.Sawara,35.8949,140.49364
46,椎柴,odpt.Station:JR-East.Narita.Shiishiba,35.7652,140.75862
46,下総神崎,odpt.Station:JR-East.Narita.ShimosaKozaki,35.89462,140.41059
46,下総橘,odpt.Station:JR-East.Narita.ShimosaTachibana,35.81881,140.70196
46,下総豊里,odpt.Station:JR-East.Narita.ShimosaToyosato,35.79298,140.72057
46,酒々井,odpt.Station:JR-East.Narita.Shisui,35.73186,140.27533
46,水郷,odpt.Station:JR-East.Narita.Suigo,35.88576,140.57006
44,我孫子,odpt.Station:JR-East.NaritaAbikoBranch.Abiko,35.87267,140.01063
44,安食,odpt.Station:JR-East.NaritaAbikoBranch.Ajiki,35.83573,140.24227
44,新木,odpt.Station:JR-East.NaritaAbikoBranch.Araki,35.86239,140.10673
44,布佐,odpt.Station:JR-East.NaritaAbikoBranch.Fusa,35.84934,140.13256
44,東我孫子,odpt.Station:JR-East.NaritaAbikoBranch.HigashiAbiko,35.86878,140.04757
44,木下,odpt.Station:JR-East.NaritaAbikoBranch.Kioroshi,35.83879,140.14812
44,小林,odpt.Station:JR-East.NaritaAbikoBranch.Kobayashi,35.83073,140.19283
44,湖北,odpt.Station:JR-East.NaritaAbikoBranch.Kohoku,35.86712,140.07784
44,成田,odpt.Station:JR-East.NaritaAbikoBranch.Narita,35.77741,140.31338
44,下総松崎,odpt.Station:JR-East.NaritaAbikoBranch.ShimosaManzaki,35.80768,140.27727
45,成田空港,odpt.Station:JR-East.NaritaAirportBranch.NaritaAirportTerminal1,35.76436,140.38532
45,空港第２ビル,odpt.Station:JR-East.NaritaAirportBranch.NaritaAirportTerminal2and3,35.77408,140.38699
45,成田,odpt.Station:JR-East.NaritaAirportBranch.Narita,35.77741,140.31338
47,宇都宮,odpt.Station:JR-East.Nikko.Utsunomiya,36.5581,139.89798
41,南小谷,odpt.Station:JR-East.Oito.MinamiOtari,36.77445,137.90827
49,昭島,odpt.Station:JR-East.Ome.Akishima,35.71323,139.3618
49,福生,odpt.Station:JR-East.Ome.Fussa,35.74239,139.32763
49,二俣尾,odpt.Station:JR-East.Ome.Futamatao,35.80428,139.21584
49,拝島,odpt.Station:JR-East.Ome.Haijima,35.72128,139.34347
49,羽村,odpt.Station:JR-East.Ome.Hamura,35.75766,139.31625
52,井野,odpt.Station:JR-East.Ryomo.Ino,36.35731,139.02291
49,鳩ノ巣,odpt.Station:JR-East.Ome.Hatonosu,35.81487,139.12876
49,東中神,odpt.Station:JR-East.Ome.HigashiNakagami,35.70628,139.38458
49,東青梅,odpt.Station:JR-East.Ome.HigashiOme,35.7896,139.27264
49,日向和田,odpt.Station:JR-East.Ome.Hinatawada,35.78849,139.22959
49,軍畑,odpt.Station:JR-East.Ome.Ikusabata,35.80766,139.20765
49,石神前,odpt.Station:JR-East.Ome.Ishigamimae,35.79677,139.22508
49,河辺,odpt.Station:JR-East.Ome.Kabe,35.7846,139.28403
49,川井,odpt.Station:JR-East.Ome.Kawai,35.81383,139.16399
49,古里,odpt.Station:JR-East.Ome.Kori,35.8163,139.15142
49,御嶽,odpt.Station:JR-East.Ome.Mitake,35.80127,139.18237
49,宮ノ平,odpt.Station:JR-East.Ome.Miyanohira,35.78738,139.23708
49,中神,odpt.Station:JR-East.Ome.Nakagami,35.70902,139.37586
49,西立川,odpt.Station:JR-East.Ome.NishiTachikawa,35.7035,139.39319
49,奥多摩,odpt.Station:JR-East.Ome.OkuTama,35.80932,139.09682
49,青梅,odpt.Station:JR-East.Ome.Ome,35.79044,139.25792
49,小作,odpt.Station:JR-East.Ome.Ozaku,35.77599,139.30208
49,沢井,odpt.Station:JR-East.Ome.Sawai,35.80599,139.19348
49,白丸,odpt.Station:JR-East.Ome.Shiromaru,35.81187,139.11476
49,立川,odpt.Station:JR-East.Ome.Tachikawa,35.69795,139.41374
49,牛浜,odpt.Station:JR-East.Ome.Ushihama,35.73406,139.33375
52,あしかがフラワーパーク,odpt.Station:JR-East.Ryomo.AshikagaFlowerPark,36.31521,139.5186
52,足利,odpt.Station:JR-East.Ryomo.Ashikaga,36.33177,139.45621
52,伊勢崎,odpt.Station:JR-East.Ryomo.Isesaki,36.32676,139.19318
52,新前橋,odpt.Station:JR-East.Ryomo.ShimMaebashi,36.37897,139.0468
52,高崎問屋町,odpt.Station:JR-East.Ryomo.Takasakitonyamachi,36.34592,139.01708
52,高崎,odpt.Station:JR-East.Ryomo.Takasaki,36.32204,139.01264
52,栃木,odpt.Station:JR-East.Ryomo.Tochigi,36.37177,139.73119
52,富田,odpt.Station:JR-East.Ryomo.Tomita,36.31622,139.5287
52,山前,odpt.Station:JR-East.Ryomo.Yamamae,36.34732,139.41121
53,厚木,odpt.Station:JR-East.Sagami.Atsugi,35.44353,139.37847
53,番田,odpt.Station:JR-East.Sagami.Banda,35.54519,139.36292
53,茅ケ崎,odpt.Station:JR-East.Sagami.Chigasaki,35.33051,139.40714
53,海老名,odpt.Station:JR-East.Sagami.Ebina,35.45409,139.38931
53,原当麻,odpt.Station:JR-East.Sagami.Harataima,35.5288,139.37514
53,橋本,odpt.Station:JR-East.Sagami.Hashimoto,35.59463,139.34514
53,入谷,odpt.Station:JR-East.Sagami.Iriya,35.47825,139.39181
53,門沢橋,odpt.Station:JR-East.Sagami.Kadosawabashi,35.40659,139.38014
53,香川,odpt.Station:JR-East.Sagami.Kagawa,35.3566,139.39987
53,上溝,odpt.Station:JR-East.Sagami.Kamimizo,35.55741,139.36292
53,北茅ケ崎,odpt.Station:JR-East.Sagami.KitaChigasaki,35.33938,139.40737
53,倉見,odpt.Station:JR-East.Sagami.Kurami,35.39493,139.37848
53,南橋本,odpt.Station:JR-East.Sagami.MinamiHashimoto,35.58018,139.35236
53,宮山,odpt.Station:JR-East.Sagami.Miyayama,35.38215,139.37959
53,寒川,odpt.Station:JR-East.Sagami.Samukawa,35.36743,139.38737
53,社家,odpt.Station:JR-East.Sagami.Shake,35.42048,139.37709
53,下溝,odpt.Station:JR-East.Sagami.Shimomizo,35.51797,139.38042
53,相武台下,odpt.Station:JR-East.Sagami.Sobudaishita,35.49269,139.38625
54,赤羽,odpt.Station:JR-East.SaikyoKawagoe.Akabane,35.77767,139.72093
54,恵比寿,odpt.Station:JR-East.SaikyoKawagoe.Ebisu,35.64658,139.70983
54,池袋,odpt.Station:JR-East.SaikyoKawagoe.Ikebukuro,35.7299,139.71094
54,板橋,odpt.Station:JR-East.SaikyoKawagoe.Itabashi,35.7449,139.71899
54,十条,odpt.Station:JR-East.SaikyoKawagoe.Jujo,35.76034,139.7222
54,川越,odpt.Station:JR-East.SaikyoKawagoe.Kawagoe,35.90654,139.48317
54,北赤羽,odpt.Station:JR-East.SaikyoKawagoe.KitaAkabane,35.78684,139.70566
54,北戸田,odpt.Station:JR-East.SaikyoKawagoe.KitaToda,35.82683,139.66094
54,北与野,odpt.Station:JR-East.SaikyoKawagoe.KitaYono,35.89071,139.62844
54,南古谷,odpt.Station:JR-East.SaikyoKawagoe.MinamiFuruya,35.90349,139.519
54,南与野,odpt.Station:JR-East.SaikyoKawagoe.MinamiYono,35.8671,139.63094
54,武蔵浦和,odpt.Station:JR-East.SaikyoKawagoe.MusashiUrawa,35.846,139.64788
54,中浦和,odpt.Station:JR-East.SaikyoKawagoe.NakaUrawa,35.85388,139.63735
54,西大宮,odpt.Station:JR-East.SaikyoKawagoe.NishiOmiya,35.92222,139.5797
54,日進,odpt.Station:JR-East.SaikyoKawagoe.Nisshin,35.93154,139.60594
54,大宮,odpt.Station:JR-East.SaikyoKawagoe.Omiya,35.90627,139.62427
54,大崎,odpt.Station:JR-East.SaikyoKawagoe.Osaki,35.62019,139.72816
54,指扇,odpt.Station:JR-East.SaikyoKawagoe.Sashiogi,35.91682,139.56483
54,渋谷,odpt.Station:JR-East.SaikyoKawagoe.Shibuya,35.65796,139.70149
54,新宿,odpt.Station:JR-East.SaikyoKawagoe.Shinjuku,35.69018,139.70038
54,戸田公園,odpt.Station:JR-East.SaikyoKawagoe.TodaKoen,35.80795,139.67816
54,戸田,odpt.Station:JR-East.SaikyoKawagoe.Toda,35.81767,139.66927
54,浮間舟渡,odpt.Station:JR-East.SaikyoKawagoe.Ukimafunado,35.791,139.69121
54,与野本町,odpt.Station:JR-East.SaikyoKawagoe.YonoHommachi,35.88071,139.62594
58,松本,odpt.Station:JR-East.Shinonoi.Matsumoto,36.23035,137.9644
59,赤羽,odpt.Station:JR-East.ShonanShinjuku.Akabane,35.77767,139.72093
61,銚子,odpt.Station:JR-East.Sobu.Choshi,35.72946,140.82731
59,恵比寿,odpt.Station:JR-East.ShonanShinjuku.Ebisu,35.64658,139.70983
59,東戸塚,odpt.Station:JR-East.ShonanShinjuku.HigashiTotsuka,35.42965,139.55652
61,日向,odpt.Station:JR-East.Sobu.Hyuga,35.62826,140.36227
59,保土ケ谷,odpt.Station:JR-East.ShonanShinjuku.Hodogaya,35.44715,139.60012
59,池袋,odpt.Station:JR-East.ShonanShinjuku.Ikebukuro,35.7299,139.71094
59,武蔵小杉,odpt.Station:JR-East.ShonanShinjuku.MusashiKosugi,35.57562,139.66194
59,西大井,odpt.Station:JR-East.ShonanShinjuku.NishiOi,35.60075,139.72122
59,大船,odpt.Station:JR-East.ShonanShinjuku.Ofuna,35.35383,139.53124
59,大宮,odpt.Station:JR-East.ShonanShinjuku.Omiya,35.90627,139.62427
59,大崎,odpt.Station:JR-East.ShonanShinjuku.Osaki,35.62019,139.72816
59,渋谷,odpt.Station:JR-East.ShonanShinjuku.Shibuya,35.65796,139.70149
59,新川崎,odpt.Station:JR-East.ShonanShinjuku.ShinKawasaki,35.55158,139.6715
61,榎戸,odpt.Station:JR-East.Sobu.Enokido,35.68409,140.28783
59,新宿,odpt.Station:JR-East.ShonanShinjuku.Shinjuku,35.69018,139.70038
59,戸塚,odpt.Station:JR-East.ShonanShinjuku.Totsuka,35.40049,139.5343
59,浦和,odpt.Station:JR-East.ShonanShinjuku.Urawa,35.85849,139.65732
59,横浜,odpt.Station:JR-East.ShonanShinjuku.Yokohama,35.46576,139.62234
61,旭,odpt.Station:JR-East.Sobu.Asahi,35.72187,140.65502
61,千葉,odpt.Station:JR-East.Sobu.Chiba,35.61353,140.11257
61,東千葉,odpt.Station:JR-East.Sobu.HigashiChiba,35.61715,140.12229
61,干潟,odpt.Station:JR-East.Sobu.Higata,35.71826,140.60308
61,飯倉,odpt.Station:JR-East.Sobu.Iigura,35.68493,140.52115
61,飯岡,odpt.Station:JR-East.Sobu.Iioka,35.72937,140.68335
61,倉橋,odpt.Station:JR-East.Sobu.Kurahashi,35.7377,140.71391
61,松岸,odpt.Station:JR-East.Sobu.Matsugishi,35.73937,140.79501
61,松尾,odpt.Station:JR-East.Sobu.Matsuo,35.63632,140.4581
61,南酒々井,odpt.Station:JR-East.Sobu.MinamiShisui,35.70436,140.26783
61,物井,odpt.Station:JR-East.Sobu.Monoi,35.68575,140.20034
61,成東,odpt.Station:JR-East.Sobu.Naruto,35.60854,140.41005
61,佐倉,odpt.Station:JR-East.Sobu.Sakura,35.70964,140.22645
61,猿田,odpt.Station:JR-East.Sobu.Saruda,35.74715,140.73724
61,都賀,odpt.Station:JR-East.Sobu.Tsuga,35.63603,140.14896
61,八街,odpt.Station:JR-East.Sobu.Yachimata,35.66326,140.31728
61,八日市場,odpt.Station:JR-East.Sobu.Yokaichiba,35.69909,140.55225
61,横芝,odpt.Station:JR-East.Sobu.Yokoshiba,35.66159,140.49059
61,四街道,odpt.Station:JR-East.Sobu.Yotsukaido,35.6627,140.16479
60,馬喰町,odpt.Station:JR-East.SobuRapid.Bakurocho,35.69324,139.78232
60,千葉,odpt.Station:JR-East.SobuRapid.Chiba,35.61353,140.11257
60,船橋,odpt.Station:JR-East.SobuRapid.Funabashi,35.70158,139.9848
60,市川,odpt.Station:JR-East.SobuRapid.Ichikawa,35.72879,139.90786
60,稲毛,odpt.Station:JR-East.SobuRapid.Inage,35.63714,140.09257
69,大網,odpt.Station:JR-East.Togane.Oami,35.52216,140.31145
60,錦糸町,odpt.Station:JR-East.SobuRapid.Kinshicho,35.69657,139.81398
60,新小岩,odpt.Station:JR-East.SobuRapid.ShinKoiwa,35.71685,139.85787
60,新日本橋,odpt.Station:JR-East.SobuRapid.ShinNihombashi,35.68902,139.77424
60,東京,odpt.Station:JR-East.SobuRapid.Tokyo,35.6813,139.76704
60,津田沼,odpt.Station:JR-East.SobuRapid.Tsudanuma,35.6913,140.02008
63,安房天津,odpt.Station:JR-East.Sotobo.AwaAmatsu,35.12581,140.15481
63,安房鴨川,odpt.Station:JR-East.Sotobo.AwaKamogawa,35.10748,140.10343
63,安房小湊,odpt.Station:JR-East.Sotobo.AwaKominato,35.12859,140.18925
63,千葉,odpt.Station:JR-East.Sotobo.Chiba,35.61353,140.11257
63,長者町,odpt.Station:JR-East.Sotobo.Chojamachi,35.29587,140.38488
63,本千葉,odpt.Station:JR-East.Sotobo.HonChiba,35.60104,140.12091
63,誉田,odpt.Station:JR-East.Sotobo.Honda,35.54688,140.2134
63,本納,odpt.Station:JR-East.Sotobo.Honno,35.48217,140.30728
63,鎌取,odpt.Station:JR-East.Sotobo.Kamatori,35.56243,140.1784
63,勝浦,odpt.Station:JR-East.Sotobo.Katsuura,35.15276,140.31202
63,上総一ノ宮,odpt.Station:JR-East.Sotobo.KazusaIchinomiya,35.37468,140.36534
63,上総興津,odpt.Station:JR-East.Sotobo.KazusaOkitsu,35.1372,140.25058
63,三門,odpt.Station:JR-East.Sotobo.Mikado,35.28275,140.39117
63,茂原,odpt.Station:JR-East.Sotobo.Mobara,35.42689,140.30395
63,永田,odpt.Station:JR-East.Sotobo.Nagata,35.50338,140.31109
63,行川アイランド,odpt.Station:JR-East.Sotobo.NamegawaIsland,35.11831,140.22564
63,浪花,odpt.Station:JR-East.Sotobo.Namihana,35.22247,140.37896
63,大網,odpt.Station:JR-East.Sotobo.Oami,35.52216,140.31145
63,大原,odpt.Station:JR-East.Sotobo.Ohara,35.25108,140.39062
63,御宿,odpt.Station:JR-East.Sotobo.Onjuku,35.18748,140.35146
63,新茂原,odpt.Station:JR-East.Sotobo.ShimMobara,35.44939,140.29951
63,蘇我,odpt.Station:JR-East.Sotobo.Soga,35.58215,140.13063
63,太東,odpt.Station:JR-East.Sotobo.Taito,35.32004,140.38118
63,土気,odpt.Station:JR-East.Sotobo.Toke,35.53086,140.26982
63,東浪見,odpt.Station:JR-East.Sotobo.Torami,35.34682,140.37663
63,鵜原,odpt.Station:JR-East.Sotobo.Ubara,35.14109,140.27869
63,八積,odpt.Station:JR-East.Sotobo.Yatsumi,35.40377,140.34556
67,上尾,odpt.Station:JR-East.Takasaki.Ageo,35.97292,139.58871
67,赤羽,odpt.Station:JR-East.Takasaki.Akabane,35.77767,139.72093
67,深谷,odpt.Station:JR-East.Takasaki.Fukaya,36.19122,139.28151
67,吹上,odpt.Station:JR-East.Takasaki.Fukiage,36.10263,139.45372
67,行田,odpt.Station:JR-East.Takasaki.Gyoda,36.11374,139.43205
67,本庄,odpt.Station:JR-East.Takasaki.Honjo,36.23622,139.18818
67,神保原,odpt.Station:JR-East.Takasaki.Jimbohara,36.25353,139.1494
67,籠原,odpt.Station:JR-East.Takasaki.Kagohara,36.17428,139.33012
67,北上尾,odpt.Station:JR-East.Takasaki.KitaAgeo,35.98487,139.57788
67,北鴻巣,odpt.Station:JR-East.Takasaki.KitaKonosu,36.08541,139.47677
67,北本,odpt.Station:JR-East.Takasaki.Kitamoto,36.03208,139.53344
67,鴻巣,odpt.Station:JR-East.Takasaki.Konosu,36.05902,139.50955
67,熊谷,odpt.Station:JR-East.Takasaki.Kumagaya,36.13929,139.39039
67,倉賀野,odpt.Station:JR-East.Takasaki.Kuragano,36.30009,139.04958
67,宮原,odpt.Station:JR-East.Takasaki.Miyahara,35.94015,139.60927
67,岡部,odpt.Station:JR-East.Takasaki.Okabe,36.20567,139.23735
67,桶川,odpt.Station:JR-East.Takasaki.Okegawa,35.99848,139.56399
67,尾久,odpt.Station:JR-East.Takasaki.Oku,35.74657,139.75371
67,大宮,odpt.Station:JR-East.Takasaki.Omiya,35.90627,139.62427
67,さいたま新都心,odpt.Station:JR-East.Takasaki.SaitamaShintoshin,35.89377,139.63344
67,新町,odpt.Station:JR-East.Takasaki.Shimmachi,36.27288,139.10541
67,高崎,odpt.Station:JR-East.Takasaki.Takasaki,36.32204,139.01264
67,東京,odpt.Station:JR-East.Takasaki.Tokyo,35.6813,139.76704
67,上野,odpt.Station:JR-East.Takasaki.Ueno,35.71351,139.77676
67,浦和,odpt.Station:JR-East.Takasaki.Urawa,35.85849,139.65732
69,福俵,odpt.Station:JR-East.Togane.Fukutawara,35.54605,140.34145
69,求名,odpt.Station:JR-East.Togane.Gumyo,35.57993,140.39616
69,成東,odpt.Station:JR-East.Togane.Naruto,35.60854,140.41005
69,東金,odpt.Station:JR-East.Togane.Togane,35.55994,140.36339
70,郡山,odpt.Station:JR-East.Tohoku.Koriyama,37.39806,140.38858
70,盛岡,odpt.Station:JR-East.Tohoku.Morioka,39.70087,141.13619
70,利府,odpt.Station:JR-East.Tohoku.Rifu,38.32936,140.9846
72,熱海,odpt.Station:JR-East.Tokaido.Atami,35.10356,139.07768
72,茅ケ崎,odpt.Station:JR-East.Tokaido.Chigasaki,35.33051,139.40714
72,藤沢,odpt.Station:JR-East.Tokaido.Fujisawa,35.33799,139.48708
72,早川,odpt.Station:JR-East.Tokaido.Hayakawa,35.23855,139.14489
72,平塚,odpt.Station:JR-East.Tokaido.Hiratsuka,35.32743,139.34904
72,鴨宮,odpt.Station:JR-East.Tokaido.Kamonomiya,35.27577,139.18017
72,川崎,odpt.Station:JR-East.Tokaido.Kawasaki,35.53131,139.69678
72,国府津,odpt.Station:JR-East.Tokaido.Kozu,35.28133,139.21488
72,真鶴,odpt.Station:JR-East.Tokaido.Manazuru,35.15661,139.13212
72,根府川,odpt.Station:JR-East.Tokaido.Nebukawa,35.20244,139.1385
72,二宮,odpt.Station:JR-East.Tokaido.Ninomiya,35.29855,139.25655
72,小田原,odpt.Station:JR-East.Tokaido.Odawara,35.25605,139.15572
72,大船,odpt.Station:JR-East.Tokaido.Ofuna,35.35383,139.53124
72,大磯,odpt.Station:JR-East.Tokaido.Oiso,35.31132,139.31321
72,湯河原,odpt.Station:JR-East.Tokaido.Yugawara,35.14625,139.10206
72,新橋,odpt.Station:JR-East.Tokaido.Shimbashi,35.6663,139.75788
72,品川,odpt.Station:JR-East.Tokaido.Shinagawa,35.6288,139.73871
72,東京,odpt.Station:JR-East.Tokaido.Tokyo,35.6813,139.76704
72,戸塚,odpt.Station:JR-East.Tokaido.Totsuka,35.40049,139.5343
72,辻堂,odpt.Station:JR-East.Tokaido.Tsujido,35.33688,139.4457
72,横浜,odpt.Station:JR-East.Tokaido.Yokohama,35.46576,139.62234
76,安善,odpt.Station:JR-East.Tsurumi.Anzen,35.49965,139.70122
76,浅野,odpt.Station:JR-East.Tsurumi.Asano,35.49742,139.69539
76,弁天橋,odpt.Station:JR-East.Tsurumi.Bentembashi,35.49576,139.68928
76,浜川崎,odpt.Station:JR-East.Tsurumi.HamaKawasaki,35.5102,139.71344
76,国道,odpt.Station:JR-East.Tsurumi.Kokudo,35.50048,139.67567
76,武蔵白石,odpt.Station:JR-East.Tsurumi.MusashiShiraishi,35.50187,139.7065
76,扇町,odpt.Station:JR-East.Tsurumi.Ogimachi,35.50159,139.72233
76,昭和,odpt.Station:JR-East.Tsurumi.Showa,35.50659,139.724
76,鶴見小野,odpt.Station:JR-East.Tsurumi.Tsurumiono,35.49687,139.68122
76,鶴見,odpt.Station:JR-East.Tsurumi.Tsurumi,35.50826,139.67595
66,安善,odpt.Station:JR-East.TsurumiOkawaBranch.Anzen,35.49965,139.70122
66,大川,odpt.Station:JR-East.TsurumiOkawaBranch.Okawa,35.49548,139.71094
75,浅野,odpt.Station:JR-East.TsurumiUmiShibauraBranch.Asano,35.49742,139.69539
75,新芝浦,odpt.Station:JR-East.TsurumiUmiShibauraBranch.ShinShibaura,35.49159,139.70011
75,海芝浦,odpt.Station:JR-East.TsurumiUmiShibauraBranch.UmiShibaura,35.48604,139.70039
77,姉ケ崎,odpt.Station:JR-East.Uchibo.Anegasaki,35.47855,140.04147
77,青堀,odpt.Station:JR-East.Uchibo.Aohori,35.3305,139.85872
77,安房鴨川,odpt.Station:JR-East.Uchibo.AwaKamogawa,35.10748,140.10343
77,安房勝山,odpt.Station:JR-East.Uchibo.AwaKatsuyama,35.11379,139.83345
77,千葉,odpt.Station:JR-East.Uchibo.Chiba,35.61353,140.11257
77,千倉,odpt.Station:JR-East.Uchibo.Chikura,34.97682,139.95458
77,千歳,odpt.Station:JR-East.Uchibo.Chitose,34.99151,139.96631
77,江見,odpt.Station:JR-East.Uchibo.Emi,35.06221,140.06065
77,太海,odpt.Station:JR-East.Uchibo.Futomi,35.08137,140.09593
77,五井,odpt.Station:JR-East.Uchibo.Goi,35.51299,140.08952
77,浜金谷,odpt.Station:JR-East.Uchibo.HamaKanaya,35.16802,139.82178
77,浜野,odpt.Station:JR-East.Uchibo.Hamano,35.55215,140.13202
77,本千葉,odpt.Station:JR-East.Uchibo.HonChiba,35.60104,140.12091
77,保田,odpt.Station:JR-East.Uchibo.Hota,35.14136,139.83789
77,岩井,odpt.Station:JR-East.Uchibo.Iwai,35.09303,139.84984
77,巌根,odpt.Station:JR-East.Uchibo.Iwane,35.41466,139.93343
77,上総湊,odpt.Station:JR-East.Uchibo.KazusaMinato,35.22163,139.87094
77,君津,odpt.Station:JR-East.Uchibo.Kimitsu,35.33356,139.89538
77,木更津,odpt.Station:JR-East.Uchibo.Kisarazu,35.38161,139.92593
77,九重,odpt.Station:JR-East.Uchibo.Kokonoe,34.99749,139.91123
77,南三原,odpt.Station:JR-East.Uchibo.Minamihara,35.0211,139.979
77,長浦,odpt.Station:JR-East.Uchibo.Nagaura,35.45022,139.99509
77,那古船形,odpt.Station:JR-East.Uchibo.Nakofunakata,35.02887,139.85123
77,大貫,odpt.Station:JR-East.Uchibo.Onuki,35.29162,139.85539
77,佐貫町,odpt.Station:JR-East.Uchibo.Sanukimachi,35.25996,139.87594
77,袖ケ浦,odpt.Station:JR-East.Uchibo.Sodegaura,35.43216,139.95789
77,蘇我,odpt.Station:JR-East.Uchibo.Soga,35.58215,140.13063
77,竹岡,odpt.Station:JR-East.Uchibo.Takeoka,35.19746,139.82984
77,館山,odpt.Station:JR-East.Uchibo.Tateyama,34.99554,139.86179
77,富浦,odpt.Station:JR-East.Uchibo.Tomiura,35.04534,139.8379
77,和田浦,odpt.Station:JR-East.Uchibo.Wadaura,35.04179,140.01966
77,八幡宿,odpt.Station:JR-East.Uchibo.Yawatajuku,35.53604,140.1198
80,赤羽,odpt.Station:JR-East.Utsunomiya.Akabane,35.77767,139.72093
80,蓮田,odpt.Station:JR-East.Utsunomiya.Hasuda,35.98098,139.65287
80,東大宮,odpt.Station:JR-East.Utsunomiya.HigashiOmiya,35.94821,139.6401
80,東鷲宮,odpt.Station:JR-East.Utsunomiya.HigashiWashinomiya,36.08958,139.67953
80,宝積寺,odpt.Station:JR-East.Utsunomiya.Hoshakuji,36.63147,139.97949
80,石橋,odpt.Station:JR-East.Utsunomiya.Ishibashi,36.43621,139.86645
80,自治医大,odpt.Station:JR-East.Utsunomiya.Jichiidai,36.39538,139.85451
80,蒲須坂,odpt.Station:JR-East.Utsunomiya.Kamasusaka,36.72063,139.9506
80,片岡,odpt.Station:JR-East.Utsunomiya.Kataoka,36.75451,139.94559
80,小金井,odpt.Station:JR-East.Utsunomiya.Koganei,36.37427,139.84201
80,古河,odpt.Station:JR-East.Utsunomiya.Koga,36.19429,139.70953
80,久喜,odpt.Station:JR-East.Utsunomiya.Kuki,36.06569,139.67731
80,栗橋,odpt.Station:JR-East.Utsunomiya.Kurihashi,36.13569,139.6937
80,黒磯,odpt.Station:JR-East.Utsunomiya.Kuroiso,36.97026,140.06011
80,間々田,odpt.Station:JR-East.Utsunomiya.Mamada,36.2579,139.76091
80,那須塩原,odpt.Station:JR-East.Utsunomiya.Nasushiobara,36.93144,140.02114
80,西那須野,odpt.Station:JR-East.Utsunomiya.NishiNasuno,36.88366,139.98642
80,野木,odpt.Station:JR-East.Utsunomiya.Nogi,36.22984,139.73452
80,野崎,odpt.Station:JR-East.Utsunomiya.Nozaki,36.84367,139.95809
80,岡本,odpt.Station:JR-East.Utsunomiya.Okamoto,36.59814,139.94421
80,尾久,odpt.Station:JR-East.Utsunomiya.Oku,35.74657,139.75371
80,大宮,odpt.Station:JR-East.Utsunomiya.Omiya,35.90627,139.62427
80,小山,odpt.Station:JR-East.Utsunomiya.Oyama,36.31261,139.80618
80,さいたま新都心,odpt.Station:JR-East.Utsunomiya.SaitamaShintoshin,35.89377,139.63344
80,新白岡,odpt.Station:JR-East.Utsunomiya.ShinShiraoka,36.03847,139.67204
80,白岡,odpt.Station:JR-East.Utsunomiya.Shiraoka,36.01764,139.66676
80,雀宮,odpt.Station:JR-East.Utsunomiya.Suzumenomiya,36.49371,139.877
80,東京,odpt.Station:JR-East.Utsunomiya.Tokyo,35.6813,139.76704
80,土呂,odpt.Station:JR-East.Utsunomiya.Toro,35.93182,139.63204
80,上野,odpt.Station:JR-East.Utsunomiya.Ueno,35.71351,139.77676
80,氏家,odpt.Station:JR-East.Utsunomiya.Ujiie,36.68147,139.96199
80,浦和,odpt.Station:JR-East.Utsunomiya.Urawa,35.85849,139.65732
80,宇都宮,odpt.Station:JR-East.Utsunomiya.Utsunomiya,36.5581,139.89798
80,矢板,odpt.Station:JR-East.Utsunomiya.Yaita,36.80645,139.93282
82,秋葉原,odpt.Station:JR-East.Yamanote.Akihabara,35.69824,139.77288
82,恵比寿,odpt.Station:JR-East.Yamanote.Ebisu,35.64658,139.70983
82,五反田,odpt.Station:JR-East.Yamanote.Gotanda,35.6263,139.72344
82,浜松町,odpt.Station:JR-East.Yamanote.Hamamatsucho,35.65546,139.75705
82,原宿,odpt.Station:JR-East.Yamanote.Harajuku,35.67129,139.70261
82,池袋,odpt.Station:JR-East.Yamanote.Ikebukuro,35.7299,139.71094
82,神田,odpt.Station:JR-East.Yamanote.Kanda,35.69157,139.77065
82,駒込,odpt.Station:JR-East.Yamanote.Komagome,35.73684,139.74788
82,目黒,odpt.Station:JR-East.Yamanote.Meguro,35.63352,139.71566
82,目白,odpt.Station:JR-East.Yamanote.Mejiro,35.72018,139.70621
82,日暮里,odpt.Station:JR-East.Yamanote.Nippori,35.72712,139.77093
82,西日暮里,odpt.Station:JR-East.Yamanote.NishiNippori,35.73184,139.76676
82,御徒町,odpt.Station:JR-East.Yamanote.Okachimachi,35.70713,139.77454
82,大崎,odpt.Station:JR-East.Yamanote.Osaki,35.62019,139.72816
82,大塚,odpt.Station:JR-East.Yamanote.Otsuka,35.73157,139.72788
82,渋谷,odpt.Station:JR-East.Yamanote.Shibuya,35.65796,139.70149
82,新橋,odpt.Station:JR-East.Yamanote.Shimbashi,35.6663,139.75788
82,新大久保,odpt.Station:JR-East.Yamanote.ShinOkubo,35.70074,139.7001
82,品川,odpt.Station:JR-East.Yamanote.Shinagawa,35.6288,139.73871
82,新宿,odpt.Station:JR-East.Yamanote.Shinjuku,35.69018,139.70038
82,巣鴨,odpt.Station:JR-East.Yamanote.Sugamo,35.73383,139.74032
82,田端,odpt.Station:JR-East.Yamanote.Tabata,35.7374,139.76149
82,高田馬場,odpt.Station:JR-East.Yamanote.Takadanobaba,35.71268,139.70371
82,田町,odpt.Station:JR-East.Yamanote.Tamachi,35.64574,139.7476
82,東京,odpt.Station:JR-East.Yamanote.Tokyo,35.6813,139.76704
83,八王子みなみ野,odpt.Station:JR-East.Yokohama.Hachiojiminamino,35.63184,139.33125
82,上野,odpt.Station:JR-East.Yamanote.Ueno,35.71351,139.77676
82,鶯谷,odpt.Station:JR-East.Yamanote.Uguisudani,35.72129,139.77787
82,代々木,odpt.Station:JR-East.Yamanote.Yoyogi,35.68352,139.70205
82,有楽町,odpt.Station:JR-East.Yamanote.Yurakucho,35.67491,139.76288
83,相原,odpt.Station:JR-East.Yokohama.Aihara,35.60685,139.33153
83,淵野辺,odpt.Station:JR-East.Yokohama.Fuchinobe,35.56824,139.39541
83,八王子,odpt.Station:JR-East.Yokohama.Hachioji,35.65545,139.33903
83,橋本,odpt.Station:JR-East.Yokohama.Hashimoto,35.59463,139.34514
83,東神奈川,odpt.Station:JR-East.Yokohama.HigashiKanagawa,35.4777,139.63317
83,鴨居,odpt.Station:JR-East.Yokohama.Kamoi,35.51075,139.56623
83,片倉,odpt.Station:JR-East.Yokohama.Katakura,35.63962,139.34125
83,菊名,odpt.Station:JR-East.Yokohama.Kikuna,35.50964,139.63012
83,古淵,odpt.Station:JR-East.Yokohama.Kobuchi,35.55602,139.41874
83,小机,odpt.Station:JR-East.Yokohama.Kozukue,35.50853,139.59956
83,町田,odpt.Station:JR-East.Yokohama.Machida,35.54158,139.44624
83,長津田,odpt.Station:JR-East.Yokohama.Nagatsuta,35.53158,139.49513
83,中山,odpt.Station:JR-East.Yokohama.Nakayama,35.51464,139.53901
83,成瀬,odpt.Station:JR-East.Yokohama.Naruse,35.53519,139.47263
83,大口,odpt.Station:JR-East.Yokohama.Oguchi,35.49215,139.64623
83,相模原,odpt.Station:JR-East.Yokohama.Sagamihara,35.5813,139.37041
83,新横浜,odpt.Station:JR-East.Yokohama.ShinYokohama,35.50707,139.61745
83,十日市場,odpt.Station:JR-East.Yokohama.Tokaichiba,35.5263,139.51662
83,矢部,odpt.Station:JR-East.Yokohama.Yabe,35.57296,139.38652
84,東戸塚,odpt.Station:JR-East.Yokosuka.HigashiTotsuka,35.42965,139.55652
84,東逗子,odpt.Station:JR-East.Yokosuka.HigashiZushi,35.29856,139.6018
84,保土ケ谷,odpt.Station:JR-East.Yokosuka.Hodogaya,35.44715,139.60012
84,鎌倉,odpt.Station:JR-East.Yokosuka.Kamakura,35.31911,139.55013
84,衣笠,odpt.Station:JR-East.Yokosuka.Kinugasa,35.2569,139.66124
84,北鎌倉,odpt.Station:JR-East.Yokosuka.KitaKamakura,35.33772,139.54458
84,久里浜,odpt.Station:JR-East.Yokosuka.Kurihama,35.23301,139.70068
84,田浦,odpt.Station:JR-East.Yokosuka.Taura,35.29272,139.63735
84,武蔵小杉,odpt.Station:JR-East.Yokosuka.MusashiKosugi,35.57562,139.66194
84,西大井,odpt.Station:JR-East.Yokosuka.NishiOi,35.60075,139.72122
84,大船,odpt.Station:JR-East.Yokosuka.Ofuna,35.35383,139.53124
84,新橋,odpt.Station:JR-East.Yokosuka.Shimbashi,35.6663,139.75788
84,新川崎,odpt.Station:JR-East.Yokosuka.ShinKawasaki,35.55158,139.6715
84,品川,odpt.Station:JR-East.Yokosuka.Shinagawa,35.6288,139.73871
84,東京,odpt.Station:JR-East.Yokosuka.Tokyo,35.6813,139.76704
84,戸塚,odpt.Station:JR-East.Yokosuka.Totsuka,35.40049,139.5343
84,横浜,odpt.Station:JR-East.Yokosuka.Yokohama,35.46576,139.62234
84,横須賀,odpt.Station:JR-East.Yokosuka.Yokosuka,35.28411,139.65485
84,逗子,odpt.Station:JR-East.Yokosuka.Zushi,35.29757,139.57871
85,赤坂,odpt.Station:TokyoMetro.Chiyoda.Akasaka,35.672104,139.736413
85,綾瀬,odpt.Station:TokyoMetro.Chiyoda.Ayase,35.762285,139.82489
85,日比谷,odpt.Station:TokyoMetro.Chiyoda.Hibiya,35.673955,139.758765
85,霞ケ関,odpt.Station:TokyoMetro.Chiyoda.Kasumigaseki,35.67256,139.75177
85,北綾瀬,odpt.Station:TokyoMetro.Chiyoda.KitaAyase,35.77689,139.832095
85,代々木公園,odpt.Station:TokyoMetro.Chiyoda.YoyogiKoen,35.669104,139.689791
85,北千住,odpt.Station:TokyoMetro.Chiyoda.KitaSenju,35.7492,139.804403
85,国会議事堂前,odpt.Station:TokyoMetro.Chiyoda.KokkaiGijidomae,35.673566,139.743188
85,町屋,odpt.Station:TokyoMetro.Chiyoda.Machiya,35.742068,139.780047
85,明治神宮前〈原宿〉,odpt.Station:TokyoMetro.Chiyoda.MeijiJingumae,35.669123,139.703944
85,根津,odpt.Station:TokyoMetro.Chiyoda.Nezu,35.717325,139.76575
85,二重橋前,odpt.Station:TokyoMetro.Chiyoda.Nijubashimae,35.680505,139.76178
85,西日暮里,odpt.Station:TokyoMetro.Chiyoda.NishiNippori,35.732355,139.76689
85,乃木坂,odpt.Station:TokyoMetro.Chiyoda.Nogizaka,35.666592,139.726229
85,表参道,odpt.Station:TokyoMetro.Chiyoda.OmoteSando,35.665652,139.711346
85,大手町,odpt.Station:TokyoMetro.Chiyoda.Otemachi,35.68525,139.763285
85,千駄木,odpt.Station:TokyoMetro.Chiyoda.Sendagi,35.725746,139.763303
85,新御茶ノ水,odpt.Station:TokyoMetro.Chiyoda.ShinOchanomizu,35.696925,139.76545
85,代々木上原,odpt.Station:TokyoMetro.Chiyoda.YoyogiUehara,35.669017,139.679884
85,湯島,odpt.Station:TokyoMetro.Chiyoda.Yushima,35.706805,139.769981
86,地下鉄赤塚,odpt.Station:TokyoMetro.Fukutoshin.ChikatetsuAkatsuka,35.76998,139.644001
86,地下鉄成増,odpt.Station:TokyoMetro.Fukutoshin.ChikatetsuNarimasu,35.77674,139.63117
86,平和台,odpt.Station:TokyoMetro.Fukutoshin.Heiwadai,35.757555,139.6543
86,東新宿,odpt.Station:TokyoMetro.Fukutoshin.HigashiShinjuku,35.699829,139.707846
86,氷川台,odpt.Station:TokyoMetro.Fukutoshin.Hikawadai,35.74962,139.66547
86,池袋,odpt.Station:TokyoMetro.Fukutoshin.Ikebukuro,35.730345,139.71115
86,要町,odpt.Station:TokyoMetro.Fukutoshin.Kanamecho,35.733215,139.69848
86,北参道,odpt.Station:TokyoMetro.Fukutoshin.KitaSando,35.678503,139.705469
86,小竹向原,odpt.Station:TokyoMetro.Fukutoshin.KotakeMukaihara,35.743395,139.67952
86,明治神宮前〈原宿〉,odpt.Station:TokyoMetro.Fukutoshin.MeijiJingumae,35.668205,139.70524
86,西早稲田,odpt.Station:TokyoMetro.Fukutoshin.NishiWaseda,35.707806,139.70912
86,千川,odpt.Station:TokyoMetro.Fukutoshin.Senkawa,35.738175,139.6894
86,渋谷,odpt.Station:TokyoMetro.Fukutoshin.Shibuya,35.659092,139.70257
86,新宿三丁目,odpt.Station:TokyoMetro.Fukutoshin.ShinjukuSanchome,35.690609,139.704727
86,和光市,odpt.Station:TokyoMetro.Fukutoshin.Wakoshi,35.78835,139.612865
86,雑司が谷,odpt.Station:TokyoMetro.Fukutoshin.Zoshigaya,35.7202,139.714715
87,赤坂見附,odpt.Station:TokyoMetro.Ginza.AkasakaMitsuke,35.676845,139.737347
87,青山一丁目,odpt.Station:TokyoMetro.Ginza.AoyamaItchome,35.67279,139.724145
87,浅草,odpt.Station:TokyoMetro.Ginza.Asakusa,35.710746,139.797774
87,外苑前,odpt.Station:TokyoMetro.Ginza.Gaiemmae,35.670375,139.717825
87,銀座,odpt.Station:TokyoMetro.Ginza.Ginza,35.6715,139.765366
87,稲荷町,odpt.Station:TokyoMetro.Ginza.Inaricho,35.711389,139.78221
87,神田,odpt.Station:TokyoMetro.Ginza.Kanda,35.693715,139.77089
87,京橋,odpt.Station:TokyoMetro.Ginza.Kyobashi,35.676704,139.77011
87,三越前,odpt.Station:TokyoMetro.Ginza.Mitsukoshimae,35.687173,139.773582
87,日本橋,odpt.Station:TokyoMetro.Ginza.Nihombashi,35.681879,139.773335
87,表参道,odpt.Station:TokyoMetro.Ginza.OmoteSando,35.665042,139.712473
87,渋谷,odpt.Station:TokyoMetro.Ginza.Shibuya,35.659097,139.702673
87,新橋,odpt.Station:TokyoMetro.Ginza.Shimbashi,35.667382,139.758512
87,末広町,odpt.Station:TokyoMetro.Ginza.Suehirocho,35.70278,139.771762
87,溜池山王,odpt.Station:TokyoMetro.Ginza.TameikeSanno,35.671511,139.741943
87,田原町,odpt.Station:TokyoMetro.Ginza.Tawaramachi,35.709917,139.790306
87,虎ノ門,odpt.Station:TokyoMetro.Ginza.Toranomon,35.67016,139.75012
87,上野広小路,odpt.Station:TokyoMetro.Ginza.UenoHirokoji,35.707765,139.773011
87,上野,odpt.Station:TokyoMetro.Ginza.Ueno,35.711835,139.775625
88,青山一丁目,odpt.Station:TokyoMetro.Hanzomon.AoyamaItchome,35.672956,139.724075
88,半蔵門,odpt.Station:TokyoMetro.Hanzomon.Hanzomon,35.68538,139.741695
88,神保町,odpt.Station:TokyoMetro.Hanzomon.Jimbocho,35.696021,139.75756
88,押上〈スカイツリー前〉,odpt.Station:TokyoMetro.Hanzomon.Oshiage,35.708467,139.813735
88,錦糸町,odpt.Station:TokyoMetro.Hanzomon.Kinshicho,35.697441,139.814957
88,清澄白河,odpt.Station:TokyoMetro.Hanzomon.KiyosumiShirakawa,35.682119,139.799841
88,九段下,odpt.Station:TokyoMetro.Hanzomon.Kudanshita,35.695501,139.751117
88,三越前,odpt.Station:TokyoMetro.Hanzomon.Mitsukoshimae,35.684928,139.77308
88,永田町,odpt.Station:TokyoMetro.Hanzomon.Nagatacho,35.678407,139.738865
88,表参道,odpt.Station:TokyoMetro.Hanzomon.OmoteSando,35.665143,139.712383
88,大手町,odpt.Station:TokyoMetro.Hanzomon.Otemachi,35.686745,139.764905
88,渋谷,odpt.Station:TokyoMetro.Hanzomon.Shibuya,35.65945,139.701035
88,水天宮前,odpt.Station:TokyoMetro.Hanzomon.Suitengumae,35.683,139.785171
88,住吉,odpt.Station:TokyoMetro.Hanzomon.Sumiyoshi,35.688704,139.815667
89,秋葉原,odpt.Station:TokyoMetro.Hibiya.Akihabara,35.697965,139.775529
89,恵比寿,odpt.Station:TokyoMetro.Hibiya.Ebisu,35.64704,139.708701
89,銀座,odpt.Station:TokyoMetro.Hibiya.Ginza,35.671983,139.764007
89,八丁堀,odpt.Station:TokyoMetro.Hibiya.Hatchobori,35.675368,139.777334
89,日比谷,odpt.Station:TokyoMetro.Hibiya.Hibiya,35.674271,139.7606
89,東銀座,odpt.Station:TokyoMetro.Hibiya.HigashiGinza,35.669129,139.767633
89,広尾,odpt.Station:TokyoMetro.Hibiya.HiroO,35.651499,139.722209
89,入谷,odpt.Station:TokyoMetro.Hibiya.Iriya,35.720565,139.784466
89,神谷町,odpt.Station:TokyoMetro.Hibiya.Kamiyacho,35.662625,139.744725
89,霞ケ関,odpt.Station:TokyoMetro.Hibiya.Kasumigaseki,35.673875,139.75106
89,茅場町,odpt.Station:TokyoMetro.Hibiya.Kayabacho,35.679078,139.779619
89,北千住,odpt.Station:TokyoMetro.Hibiya.KitaSenju,35.749904,139.805591
89,小伝馬町,odpt.Station:TokyoMetro.Hibiya.Kodemmacho,35.690423,139.778758
89,南千住,odpt.Station:TokyoMetro.Hibiya.MinamiSenju,35.73231,139.79878
89,三ノ輪,odpt.Station:TokyoMetro.Hibiya.Minowa,35.729285,139.791165
89,中目黒,odpt.Station:TokyoMetro.Hibiya.NakaMeguro,35.644108,139.698833
89,仲御徒町,odpt.Station:TokyoMetro.Hibiya.NakaOkachimachi,35.706655,139.77619
89,人形町,odpt.Station:TokyoMetro.Hibiya.Ningyocho,35.686259,139.782339
89,六本木,odpt.Station:TokyoMetro.Hibiya.Roppongi,35.6628,139.731155
89,築地,odpt.Station:TokyoMetro.Hibiya.Tsukiji,35.667928,139.772473
89,上野,odpt.Station:TokyoMetro.Hibiya.Ueno,35.711558,139.777061
91,赤坂見附,odpt.Station:TokyoMetro.Marunouchi.AkasakaMitsuke,35.676845,139.737347
91,淡路町,odpt.Station:TokyoMetro.Marunouchi.Awajicho,35.69487,139.767455
91,銀座,odpt.Station:TokyoMetro.Marunouchi.Ginza,35.673159,139.763876
92,西ケ原,odpt.Station:TokyoMetro.Namboku.Nishigahara,35.745945,139.74226
93,浦安,odpt.Station:TokyoMetro.Tozai.Urayasu,35.665903,139.893236
91,東高円寺,odpt.Station:TokyoMetro.Marunouchi.HigashiKoenji,35.697965,139.658295
91,本郷三丁目,odpt.Station:TokyoMetro.Marunouchi.HongoSanchome,35.706726,139.760154
91,池袋,odpt.Station:TokyoMetro.Marunouchi.Ikebukuro,35.730345,139.71115
91,霞ケ関,odpt.Station:TokyoMetro.Marunouchi.Kasumigaseki,35.674235,139.75268
91,国会議事堂前,odpt.Station:TokyoMetro.Marunouchi.KokkaiGijidomae,35.674926,139.745473
91,後楽園,odpt.Station:TokyoMetro.Marunouchi.Korakuen,35.707307,139.750861
91,南阿佐ケ谷,odpt.Station:TokyoMetro.Marunouchi.MinamiAsagaya,35.699455,139.635575
91,茗荷谷,odpt.Station:TokyoMetro.Marunouchi.Myogadani,35.7172,139.736895
91,中野坂上,odpt.Station:TokyoMetro.Marunouchi.NakanoSakaue,35.697085,139.682205
91,西新宿,odpt.Station:TokyoMetro.Marunouchi.NishiShinjuku,35.694515,139.69256
91,御茶ノ水,odpt.Station:TokyoMetro.Marunouchi.Ochanomizu,35.70043,139.764405
91,荻窪,odpt.Station:TokyoMetro.Marunouchi.Ogikubo,35.704175,139.61976
91,大手町,odpt.Station:TokyoMetro.Marunouchi.Otemachi,35.686875,139.766203
91,新高円寺,odpt.Station:TokyoMetro.Marunouchi.ShinKoenji,35.69786,139.64851
91,新中野,odpt.Station:TokyoMetro.Marunouchi.ShinNakano,35.697475,139.66951
91,新大塚,odpt.Station:TokyoMetro.Marunouchi.ShinOtsuka,35.72613,139.729354
91,新宿御苑前,odpt.Station:TokyoMetro.Marunouchi.ShinjukuGyoemmae,35.688525,139.710915
91,新宿三丁目,odpt.Station:TokyoMetro.Marunouchi.ShinjukuSanchome,35.69118,139.70421
91,新宿,odpt.Station:TokyoMetro.Marunouchi.Shinjuku,35.692452,139.700548
91,東京,odpt.Station:TokyoMetro.Marunouchi.Tokyo,35.681935,139.7648
91,四谷三丁目,odpt.Station:TokyoMetro.Marunouchi.YotsuyaSanchome,35.687835,139.719325
91,四ツ谷,odpt.Station:TokyoMetro.Marunouchi.Yotsuya,35.684197,139.730047
90,方南町,odpt.Station:TokyoMetro.MarunouchiBranch.Honancho,35.683515,139.657935
90,中野富士見町,odpt.Station:TokyoMetro.MarunouchiBranch.NakanoFujimicho,35.69082,139.668155
90,中野坂上,odpt.Station:TokyoMetro.MarunouchiBranch.NakanoSakaue,35.697085,139.682205
90,中野新橋,odpt.Station:TokyoMetro.MarunouchiBranch.NakanoShimbashi,35.691685,139.674001
92,赤羽岩淵,odpt.Station:TokyoMetro.Namboku.AkabaneIwabuchi,35.783355,139.72211
92,麻布十番,odpt.Station:TokyoMetro.Namboku.AzabuJuban,35.65481,139.737045
92,本駒込,odpt.Station:TokyoMetro.Namboku.HonKomagome,35.724365,139.753812
92,市ケ谷,odpt.Station:TokyoMetro.Namboku.Ichigaya,35.692894,139.736324
92,飯田橋,odpt.Station:TokyoMetro.Namboku.Iidabashi,35.701532,139.743716
92,駒込,odpt.Station:TokyoMetro.Namboku.Komagome,35.735913,139.746909
92,後楽園,odpt.Station:TokyoMetro.Namboku.Korakuen,35.70839,139.751786
92,目黒,odpt.Station:TokyoMetro.Namboku.Meguro,35.632485,139.71566
92,永田町,odpt.Station:TokyoMetro.Namboku.Nagatacho,35.678338,139.739288
92,王子神谷,odpt.Station:TokyoMetro.Namboku.OjiKamiya,35.765292,139.735641
92,王子,odpt.Station:TokyoMetro.Namboku.Oji,35.75447,139.737362
92,六本木一丁目,odpt.Station:TokyoMetro.Namboku.RoppongiItchome,35.665075,139.7389
92,志茂,odpt.Station:TokyoMetro.Namboku.Shimo,35.778025,139.7325
92,白金高輪,odpt.Station:TokyoMetro.Namboku.ShirokaneTakanawa,35.643145,139.734285
92,白金台,odpt.Station:TokyoMetro.Namboku.Shirokanedai,35.63777,139.72586
92,溜池山王,odpt.Station:TokyoMetro.Namboku.TameikeSanno,35.673091,139.741294
92,東大前,odpt.Station:TokyoMetro.Namboku.Todaimae,35.718014,139.75788
92,四ツ谷,odpt.Station:TokyoMetro.Namboku.Yotsuya,35.686082,139.72968
93,原木中山,odpt.Station:TokyoMetro.Tozai.BarakiNakayama,35.7033,139.941915
93,行徳,odpt.Station:TokyoMetro.Tozai.Gyotoku,35.68262,139.914185
93,飯田橋,odpt.Station:TokyoMetro.Tozai.Iidabashi,35.701403,139.746521
93,神楽坂,odpt.Station:TokyoMetro.Tozai.Kagurazaka,35.703865,139.73452
93,葛西,odpt.Station:TokyoMetro.Tozai.Kasai,35.663616,139.87253
93,茅場町,odpt.Station:TokyoMetro.Tozai.Kayabacho,35.680346,139.77927
93,木場,odpt.Station:TokyoMetro.Tozai.Kiba,35.669356,139.807115
93,九段下,odpt.Station:TokyoMetro.Tozai.Kudanshita,35.696091,139.751265
93,南行徳,odpt.Station:TokyoMetro.Tozai.MinamiGyotoku,35.672729,139.902276
93,南砂町,odpt.Station:TokyoMetro.Tozai.MinamiSunamachi,35.668415,139.831695
93,門前仲町,odpt.Station:TokyoMetro.Tozai.MonzenNakacho,35.671892,139.796099
93,妙典,odpt.Station:TokyoMetro.Tozai.Myoden,35.691014,139.924286
93,中野,odpt.Station:TokyoMetro.Tozai.Nakano,35.70574,139.665605
93,日本橋,odpt.Station:TokyoMetro.Tozai.Nihombashi,35.682376,139.774101
93,西船橋,odpt.Station:TokyoMetro.Tozai.NishiFunabashi,35.707174,139.958767
93,西葛西,odpt.Station:TokyoMetro.Tozai.NishiKasai,35.664562,139.8596
93,落合,odpt.Station:TokyoMetro.Tozai.Ochiai,35.710635,139.685965
93,大手町,odpt.Station:TokyoMetro.Tozai.Otemachi,35.684697,139.76603
93,高田馬場,odpt.Station:TokyoMetro.Tozai.Takadanobaba,35.71328,139.705045
93,竹橋,odpt.Station:TokyoMetro.Tozai.Takebashi,35.69044,139.75767
93,東陽町,odpt.Station:TokyoMetro.Tozai.Toyocho,35.66959,139.81768
93,早稲田,odpt.Station:TokyoMetro.Tozai.Waseda,35.70568,139.72219
94,地下鉄赤塚,odpt.Station:TokyoMetro.Yurakucho.ChikatetsuAkatsuka,35.769981,139.644
94,地下鉄成増,odpt.Station:TokyoMetro.Yurakucho.ChikatetsuNarimasu,35.77674,139.63117
94,江戸川橋,odpt.Station:TokyoMetro.Yurakucho.Edogawabashi,35.709295,139.73413
94,銀座一丁目,odpt.Station:TokyoMetro.Yurakucho.GinzaItchome,35.674519,139.766786
94,護国寺,odpt.Station:TokyoMetro.Yurakucho.Gokokuji,35.71918,139.72745
94,平和台,odpt.Station:TokyoMetro.Yurakucho.Heiwadai,35.757555,139.6543
94,東池袋,odpt.Station:TokyoMetro.Yurakucho.HigashiIkebukuro,35.72595,139.718865
94,氷川台,odpt.Station:TokyoMetro.Yurakucho.Hikawadai,35.74962,139.66547
94,市ケ谷,odpt.Station:TokyoMetro.Yurakucho.Ichigaya,35.692576,139.736891
94,飯田橋,odpt.Station:TokyoMetro.Yurakucho.Iidabashi,35.701342,139.743207
94,桜田門,odpt.Station:TokyoMetro.Yurakucho.Sakuradamon,35.677459,139.751886
94,池袋,odpt.Station:TokyoMetro.Yurakucho.Ikebukuro,35.729185,139.710885
94,要町,odpt.Station:TokyoMetro.Yurakucho.Kanamecho,35.733215,139.69848
94,麴町,odpt.Station:TokyoMetro.Yurakucho.Kojimachi,35.684785,139.73735
94,小竹向原,odpt.Station:TokyoMetro.Yurakucho.KotakeMukaihara,35.743395,139.67952
94,豊洲,odpt.Station:TokyoMetro.Yurakucho.Toyosu,35.655153,139.795994
94,永田町,odpt.Station:TokyoMetro.Yurakucho.Nagatacho,35.677895,139.741773
94,千川,odpt.Station:TokyoMetro.Yurakucho.Senkawa,35.738175,139.6894
94,新木場,odpt.Station:TokyoMetro.Yurakucho.ShinKiba,35.64578,139.826605
94,新富町,odpt.Station:TokyoMetro.Yurakucho.Shintomicho,35.670529,139.773594
94,辰巳,odpt.Station:TokyoMetro.Yurakucho.Tatsumi,35.645775,139.81033
94,月島,odpt.Station:TokyoMetro.Yurakucho.Tsukishima,35.664711,139.784405
94,和光市,odpt.Station:TokyoMetro.Yurakucho.Wakoshi,35.78835,139.612865
94,有楽町,odpt.Station:TokyoMetro.Yurakucho.Yurakucho,35.675973,139.762286
96,押上,odpt.Station:Toei.Asakusa.Oshiage,35.710824,139.812993
97,蓮根,odpt.Station:Toei.Mita.Hasune,35.784262,139.678947
96,西馬込,odpt.Station:Toei.Asakusa.NishiMagome,35.58705,139.706086
95,荒川一中前,odpt.Station:Toei.Arakawa.ArakawaItchumae,35.733768,139.788841
95,荒川七丁目,odpt.Station:Toei.Arakawa.ArakawaNanachome,35.741923,139.78421
95,小台,odpt.Station:Toei.Arakawa.Odai,35.750477,139.761739
97,板橋本町,odpt.Station:Toei.Mita.Itabashihoncho,35.761309,139.705544
95,荒川二丁目,odpt.Station:Toei.Arakawa.ArakawaNichome,35.738573,139.784704
95,荒川車庫前,odpt.Station:Toei.Arakawa.ArakawaShakomae,35.750865,139.752461
95,荒川遊園地前,odpt.Station:Toei.Arakawa.ArakawaYuenchimae,35.750646,139.757517
95,荒川区役所前,odpt.Station:Toei.Arakawa.Arakawakuyakushomae,35.734913,139.786416
95,飛鳥山,odpt.Station:Toei.Arakawa.Asukayama,35.750109,139.737333
95,学習院下,odpt.Station:Toei.Arakawa.Gakushuinshita,35.716347,139.712529
95,東池袋四丁目,odpt.Station:Toei.Arakawa.HigashiIkebukuroYonchome,35.725398,139.720404
95,東尾久三丁目,odpt.Station:Toei.Arakawa.HigashiOguSanchome,35.745626,139.773867
95,梶原,odpt.Station:Toei.Arakawa.Kajiwara,35.75107,139.747268
95,鬼子母神前,odpt.Station:Toei.Arakawa.Kishibojimmae,35.720569,139.71516
95,庚申塚,odpt.Station:Toei.Arakawa.Koshinzuka,35.739504,139.729625
95,熊野前,odpt.Station:Toei.Arakawa.Kumanomae,35.748487,139.769859
95,町屋駅前,odpt.Station:Toei.Arakawa.MachiyaEkimae,35.742783,139.780891
95,町屋二丁目,odpt.Station:Toei.Arakawa.MachiyaNichome,35.743919,139.776416
95,三ノ輪橋,odpt.Station:Toei.Arakawa.Minowabashi,35.732207,139.791509
95,宮ノ前,odpt.Station:Toei.Arakawa.Miyanomae,35.749811,139.76619
95,向原,odpt.Station:Toei.Arakawa.Mukohara,35.728775,139.724759
95,西ヶ原四丁目,odpt.Station:Toei.Arakawa.NishigaharaYonchome,35.744222,139.732665
95,王子駅前,odpt.Station:Toei.Arakawa.OjiEkimae,35.752982,139.738045
95,面影橋,odpt.Station:Toei.Arakawa.Omokagebashi,35.713012,139.714199
95,大塚駅前,odpt.Station:Toei.Arakawa.OtsukaEkimae,35.731188,139.729098
95,栄町,odpt.Station:Toei.Arakawa.Sakaecho,35.750865,139.742186
95,新庚申塚,odpt.Station:Toei.Arakawa.ShinKoshinzuka,35.74107,139.730344
95,巣鴨新田,odpt.Station:Toei.Arakawa.Sugamoshinden,35.735682,139.727684
95,滝野川一丁目,odpt.Station:Toei.Arakawa.TakinogawaItchome,35.747283,139.73542
95,都電雑司ヶ谷,odpt.Station:Toei.Arakawa.TodenZoshigaya,35.724081,139.717835
95,早稲田,odpt.Station:Toei.Arakawa.Waseda,35.71176,139.719003
96,浅草橋,odpt.Station:Toei.Asakusa.Asakusabashi,35.697494,139.786335
96,浅草,odpt.Station:Toei.Asakusa.Asakusa,35.70892,139.796542
96,大門,odpt.Station:Toei.Asakusa.Daimon,35.65687,139.754679
96,五反田,odpt.Station:Toei.Asakusa.Gotanda,35.626878,139.723965
96,東銀座,odpt.Station:Toei.Asakusa.HigashiGinza,35.669915,139.76735
96,東日本橋,odpt.Station:Toei.Asakusa.HigashiNihombashi,35.692123,139.784886
96,本所吾妻橋,odpt.Station:Toei.Asakusa.HonjoAzumabashi,35.708565,139.804397
96,蔵前,odpt.Station:Toei.Asakusa.Kuramae,35.703128,139.790858
96,馬込,odpt.Station:Toei.Asakusa.Magome,35.596773,139.711884
96,三田,odpt.Station:Toei.Asakusa.Mita,35.646749,139.746877
96,中延,odpt.Station:Toei.Asakusa.Nakanobu,35.605274,139.713645
96,日本橋,odpt.Station:Toei.Asakusa.Nihombashi,35.681796,139.775814
96,人形町,odpt.Station:Toei.Asakusa.Ningyocho,35.686345,139.782276
96,泉岳寺,odpt.Station:Toei.Asakusa.Sengakuji,35.638715,139.739993
97,板橋区役所前,odpt.Station:Toei.Mita.ItabashiKuyakushomae,35.751372,139.71012
96,新橋,odpt.Station:Toei.Asakusa.Shimbashi,35.665386,139.759338
96,高輪台,odpt.Station:Toei.Asakusa.Takanawadai,35.631751,139.730384
96,宝町,odpt.Station:Toei.Asakusa.Takaracho,35.675606,139.771966
96,戸越,odpt.Station:Toei.Asakusa.Togoshi,35.614421,139.716315
97,白山,odpt.Station:Toei.Mita.Hakusan,35.721682,139.752134
97,日比谷,odpt.Station:Toei.Mita.Hibiya,35.676585,139.760274
97,神保町,odpt.Station:Toei.Mita.Jimbocho,35.695331,139.758213
97,御成門,odpt.Station:Toei.Mita.Onarimon,35.660774,139.751366
100,船堀,odpt.Station:Toei.Shinjuku.Funabori,35.68376,139.863955
97,春日,odpt.Station:Toei.Mita.Kasuga,35.709532,139.753287
97,目黒,odpt.Station:Toei.Mita.Meguro,35.633635,139.715444
97,三田,odpt.Station:Toei.Mita.Mita,35.64865,139.748998
97,本蓮沼,odpt.Station:Toei.Mita.Motohasunuma,35.768566,139.70241
97,西巣鴨,odpt.Station:Toei.Mita.NishiSugamo,35.743568,139.728703
97,西高島平,odpt.Station:Toei.Mita.NishiTakashimadaira,35.791965,139.645421
97,西台,odpt.Station:Toei.Mita.Nishidai,35.787074,139.672867
97,大手町,odpt.Station:Toei.Mita.Otemachi,35.684093,139.762798
97,千石,odpt.Station:Toei.Mita.Sengoku,35.727772,139.744984
97,芝公園,odpt.Station:Toei.Mita.Shibakoen,35.654186,139.74985
97,志村坂上,odpt.Station:Toei.Mita.ShimuraSakaue,35.776082,139.695097
97,志村三丁目,odpt.Station:Toei.Mita.ShimuraSanchome,35.777468,139.685751
97,新板橋,odpt.Station:Toei.Mita.ShinItabashi,35.748772,139.719808
97,新高島平,odpt.Station:Toei.Mita.ShinTakashimadaira,35.790289,139.65405
98,足立小台,odpt.Station:Toei.NipporiToneri.AdachiOdai,35.754655,139.770376
99,赤羽橋,odpt.Station:Toei.Oedo.Akabanebashi,35.654985,139.743989
97,白金高輪,odpt.Station:Toei.Mita.ShirokaneTakanawa,35.643283,139.734344
97,白金台,odpt.Station:Toei.Mita.Shirokanedai,35.637851,139.726007
97,巣鴨,odpt.Station:Toei.Mita.Sugamo,35.733793,139.738154
97,水道橋,odpt.Station:Toei.Mita.Suidobashi,35.70346,139.755147
97,高島平,odpt.Station:Toei.Mita.Takashimadaira,35.788908,139.661361
97,内幸町,odpt.Station:Toei.Mita.Uchisaiwaicho,35.669344,139.75533
98,赤土小学校前,odpt.Station:Toei.NipporiToneri.AkadoShogakkomae,35.742868,139.769025
98,江北,odpt.Station:Toei.NipporiToneri.Kohoku,35.773954,139.77029
98,高野,odpt.Station:Toei.NipporiToneri.Koya,35.768351,139.770692
98,熊野前,odpt.Station:Toei.NipporiToneri.Kumanomae,35.748513,139.769828
98,見沼代親水公園,odpt.Station:Toei.NipporiToneri.MinumadaiShinsuikoen,35.814541,139.770707
98,日暮里,odpt.Station:Toei.NipporiToneri.Nippori,35.728793,139.771121
98,西日暮里,odpt.Station:Toei.NipporiToneri.NishiNippori,35.733739,139.768169
98,西新井大師西,odpt.Station:Toei.NipporiToneri.NishiaraidaishiNishi,35.78151,139.770077
98,扇大橋,odpt.Station:Toei.NipporiToneri.OgiOhashi,35.763906,139.770798
98,舎人公園,odpt.Station:Toei.NipporiToneri.ToneriKoen,35.796384,139.770159
98,舎人,odpt.Station:Toei.NipporiToneri.Toneri,35.80569,139.770069
98,谷在家,odpt.Station:Toei.NipporiToneri.Yazaike,35.788787,139.770036
99,青山一丁目,odpt.Station:Toei.Oedo.AoyamaItchome,35.673067,139.723925
99,麻布十番,odpt.Station:Toei.Oedo.AzabuJuban,35.656448,139.73633
99,大門,odpt.Station:Toei.Oedo.Daimon,35.656671,139.755696
99,東中野,odpt.Station:Toei.Oedo.HigashiNakano,35.70716,139.683112
99,両国,odpt.Station:Toei.Oedo.Ryogoku,35.696807,139.797469
99,新江古田,odpt.Station:Toei.Oedo.ShinEgota,35.732579,139.670498
99,東新宿,odpt.Station:Toei.Oedo.HigashiShinjuku,35.697957,139.707434
99,光が丘,odpt.Station:Toei.Oedo.Hikarigaoka,35.758527,139.628901
99,本郷三丁目,odpt.Station:Toei.Oedo.HongoSanchome,35.70751,139.760524
99,飯田橋,odpt.Station:Toei.Oedo.Iidabashi,35.702952,139.745257
99,勝どき,odpt.Station:Toei.Oedo.Kachidoki,35.658934,139.777138
99,春日,odpt.Station:Toei.Oedo.Kasuga,35.708493,139.752487
99,清澄白河,odpt.Station:Toei.Oedo.KiyosumiShirakawa,35.682355,139.798758
99,国立競技場,odpt.Station:Toei.Oedo.KokuritsuKyogijo,35.679896,139.714667
99,蔵前,odpt.Station:Toei.Oedo.Kuramae,35.705587,139.792244
99,門前仲町,odpt.Station:Toei.Oedo.MonzenNakacho,35.672772,139.795124
99,森下,odpt.Station:Toei.Oedo.Morishita,35.687926,139.798251
99,中井,odpt.Station:Toei.Oedo.Nakai,35.713935,139.686296
99,中野坂上,odpt.Station:Toei.Oedo.NakanoSakaue,35.697887,139.682899
99,練馬春日町,odpt.Station:Toei.Oedo.NerimaKasugacho,35.75141,139.6403
99,練馬,odpt.Station:Toei.Oedo.Nerima,35.737411,139.654762
99,西新宿五丁目,odpt.Station:Toei.Oedo.NishiShinjukuGochome,35.689892,139.684545
99,落合南長崎,odpt.Station:Toei.Oedo.OchiaiMinamiNagasaki,35.723435,139.683389
99,六本木,odpt.Station:Toei.Oedo.Roppongi,35.664106,139.731354
99,新御徒町,odpt.Station:Toei.Oedo.ShinOkachimachi,35.707009,139.782166
99,新宿西口,odpt.Station:Toei.Oedo.ShinjukuNishiguchi,35.693367,139.699121
99,新宿,odpt.Station:Toei.Oedo.Shinjuku,35.688462,139.699019
99,汐留,odpt.Station:Toei.Oedo.Shiodome,35.663193,139.760225
99,都庁前,odpt.Station:Toei.Oedo.Tochomae,35.690607,139.692677
99,豊島園,odpt.Station:Toei.Oedo.Toshimaen,35.741711,139.649116
99,築地市場,odpt.Station:Toei.Oedo.Tsukijishijo,35.664919,139.766929
99,月島,odpt.Station:Toei.Oedo.Tsukishima,35.663757,139.783912
99,上野御徒町,odpt.Station:Toei.Oedo.UenoOkachimachi,35.707949,139.773351
99,牛込神楽坂,odpt.Station:Toei.Oedo.UshigomeKagurazaka,35.700911,139.735894
99,牛込柳町,odpt.Station:Toei.Oedo.UshigomeYanagicho,35.699501,139.72504
99,若松河田,odpt.Station:Toei.Oedo.WakamatsuKawada,35.699188,139.718043
99,代々木,odpt.Station:Toei.Oedo.Yoyogi,35.683505,139.701603
100,曙橋,odpt.Station:Toei.Shinjuku.Akebonobashi,35.692402,139.722317
100,馬喰横山,odpt.Station:Toei.Shinjuku.BakuroYokoyama,35.69193,139.783006
100,浜町,odpt.Station:Toei.Shinjuku.Hamacho,35.688601,139.787725
100,東大島,odpt.Station:Toei.Shinjuku.HigashiOjima,35.689959,139.847255
100,市ヶ谷,odpt.Station:Toei.Shinjuku.Ichigaya,35.69153,139.737588
100,一之江,odpt.Station:Toei.Shinjuku.Ichinoe,35.685987,139.882586
100,岩本町,odpt.Station:Toei.Shinjuku.Iwamotocho,35.695607,139.775115
100,神保町,odpt.Station:Toei.Shinjuku.Jimbocho,35.695972,139.757981
100,菊川,odpt.Station:Toei.Shinjuku.Kikukawa,35.688399,139.806057
100,大島,odpt.Station:Toei.Shinjuku.Ojima,35.689752,139.834705
100,九段下,odpt.Station:Toei.Shinjuku.Kudanshita,35.695546,139.751738
100,瑞江,odpt.Station:Toei.Shinjuku.Mizue,35.69351,139.8977
100,森下,odpt.Station:Toei.Shinjuku.Morishita,35.687982,139.796623
100,本八幡,odpt.Station:Toei.Shinjuku.Motoyawata,35.722819,139.926613
100,西大島,odpt.Station:Toei.Shinjuku.NishiOjima,35.689391,139.826231
100,小川町,odpt.Station:Toei.Shinjuku.Ogawamachi,35.695005,139.766449
100,新宿三丁目,odpt.Station:Toei.Shinjuku.ShinjukuSanchome,35.691016,139.706794
100,新宿,odpt.Station:Toei.Shinjuku.Shinjuku,35.688433,139.698418
100,篠崎,odpt.Station:Toei.Shinjuku.Shinozaki,35.706022,139.903796
100,住吉,odpt.Station:Toei.Shinjuku.Sumiyoshi,35.68904,139.815723
101,東京テレポート,odpt.Station:TWR.Rinkai.TokyoTeleport,35.62754,139.77885
101,国際展示場,odpt.Station:TWR.Rinkai.KokusaiTenjijo,35.63457,139.79163
101,大井町,odpt.Station:TWR.Rinkai.Oimachi,35.60741,139.73474
101,大崎,odpt.Station:TWR.Rinkai.Osaki,35.62002,139.7282
101,新木場,odpt.Station:TWR.Rinkai.ShinKiba,35.64604,139.82678
101,品川シーサイド,odpt.Station:TWR.Rinkai.ShinagawaSeaside,35.60897,139.74967
101,東雲,odpt.Station:TWR.Rinkai.Shinonome,35.6406,139.80328
101,天王洲アイル,odpt.Station:TWR.Rinkai.TennozuIsle,35.62038,139.75084
106,百草園,odpt.Station:Keio.Keio.Mogusaen,35.65738,139.43138
102,多摩動物公園,odpt.Station:Keio.Dobutsuen.TamaDobutsukoen,35.64954,139.40551
105,笹塚,odpt.Station:Keio.KeioNew.Sasazuka,35.67366,139.66718
108,高尾山口,odpt.Station:Keio.Takao.Takaosanguchi,35.63238,139.26982
107,調布,odpt.Station:Keio.Sagamihara.Chofu,35.65177,139.54474
102,高幡不動,odpt.Station:Keio.Dobutsuen.Takahatafudo,35.66228,139.4131
103,永福町,odpt.Station:Keio.Inokashira.Eifukucho,35.67622,139.64267
103,富士見ヶ丘,odpt.Station:Keio.Inokashira.Fujimigaoka,35.68481,139.6072
103,浜田山,odpt.Station:Keio.Inokashira.Hamadayama,35.68158,139.62758
103,東松原,odpt.Station:Keio.Inokashira.HigashiMatsubara,35.66264,139.65569
103,池ノ上,odpt.Station:Keio.Inokashira.Ikenoue,35.66037,139.67346
103,井の頭公園,odpt.Station:Keio.Inokashira.InokashiraKoen,35.6973,139.58312
103,吉祥寺,odpt.Station:Keio.Inokashira.Kichijoji,35.70229,139.58031
103,駒場東大前,odpt.Station:Keio.Inokashira.KomabaTodaimae,35.65867,139.68408
103,久我山,odpt.Station:Keio.Inokashira.Kugayama,35.68814,139.59932
103,明大前,odpt.Station:Keio.Inokashira.Meidaimae,35.66908,139.65038
103,三鷹台,odpt.Station:Keio.Inokashira.Mitakadai,35.69205,139.5893
103,西永福,odpt.Station:Keio.Inokashira.NishiEifuku,35.67888,139.63516
104,東府中,odpt.Station:Keio.Keibajo.HigashiFuchu,35.66877,139.4954
106,分倍河原,odpt.Station:Keio.Keio.Bubaigawara,35.6681,139.46837
106,千歳烏山,odpt.Station:Keio.Keio.ChitoseKarasuyama,35.66784,139.60038
103,渋谷,odpt.Station:Keio.Inokashira.Shibuya,35.65853,139.69975
103,下北沢,odpt.Station:Keio.Inokashira.ShimoKitazawa,35.6616,139.66657
103,新代田,odpt.Station:Keio.Inokashira.Shindaita,35.6625,139.66139
103,神泉,odpt.Station:Keio.Inokashira.Shinsen,35.65717,139.69313
103,高井戸,odpt.Station:Keio.Inokashira.Takaido,35.68326,139.61523
104,府中競馬正門前,odpt.Station:Keio.Keibajo.FuchukeibaSeimommae,35.66836,139.48516
107,橋本,odpt.Station:Keio.Sagamihara.Hashimoto,35.59521,139.34354
106,調布,odpt.Station:Keio.Keio.Chofu,35.65177,139.54474
106,代田橋,odpt.Station:Keio.Keio.Daitabashi,35.67108,139.6594
106,府中,odpt.Station:Keio.Keio.Fuchu,35.67219,139.4801
106,布田,odpt.Station:Keio.Keio.Fuda,35.64986,139.55172
106,八幡山,odpt.Station:Keio.Keio.HachimanYama,35.67008,139.61448
106,東府中,odpt.Station:Keio.Keio.HigashiFuchu,35.66877,139.4954
106,平山城址公園,odpt.Station:Keio.Keio.HirayamajoshiKoen,35.64731,139.3799
106,上北沢,odpt.Station:Keio.Keio.KamiKitazawa,35.66884,139.62342
106,京王八王子,odpt.Station:Keio.Keio.KeioHachioji,35.658,139.34303
106,北野,odpt.Station:Keio.Keio.Kitano,35.64448,139.35418
106,国領,odpt.Station:Keio.Keio.Kokuryo,35.65018,139.55843
106,明大前,odpt.Station:Keio.Keio.Meidaimae,35.66836,139.65056
106,南平,odpt.Station:Keio.Keio.Minamidaira,35.65514,139.39258
106,武蔵野台,odpt.Station:Keio.Keio.Musashinodai,35.66414,139.5113
106,長沼,odpt.Station:Keio.Keio.Naganuma,35.64278,139.36588
106,中河原,odpt.Station:Keio.Keio.Nakagawara,35.65953,139.4577
106,西調布,odpt.Station:Keio.Keio.NishiChofu,35.65732,139.5295
106,芦花公園,odpt.Station:Keio.Keio.RokaKoen,35.67052,139.60825
106,桜上水,odpt.Station:Keio.Keio.Sakurajosui,35.66764,139.63146
106,笹塚,odpt.Station:Keio.Keio.Sasazuka,35.67366,139.66718
106,聖蹟桜ヶ丘,odpt.Station:Keio.Keio.SeisekiSakuragaoka,35.6508,139.44696
106,仙川,odpt.Station:Keio.Keio.Sengawa,35.66238,139.58524
106,柴崎,odpt.Station:Keio.Keio.Shibasaki,35.65399,139.56662
106,下高井戸,odpt.Station:Keio.Keio.ShimoTakaido,35.66611,139.64203
106,新宿,odpt.Station:Keio.Keio.Shinjuku,35.68843,139.69862
107,稲城,odpt.Station:Keio.Sagamihara.Inagi,35.63614,139.50015
106,高幡不動,odpt.Station:Keio.Keio.Takahatafudo,35.66228,139.4131
106,多磨霊園,odpt.Station:Keio.Keio.TamaReien,35.66636,139.50212
106,飛田給,odpt.Station:Keio.Keio.Tobitakyu,35.65998,139.52366
106,つつじヶ丘,odpt.Station:Keio.Keio.Tsutsujigaoka,35.658,139.57519
105,幡ヶ谷,odpt.Station:Keio.KeioNew.Hatagaya,35.67676,139.67772
105,初台,odpt.Station:Keio.KeioNew.Hatsudai,35.68051,139.68671
105,新宿,odpt.Station:Keio.KeioNew.Shinjuku,35.68843,139.69862
107,京王堀之内,odpt.Station:Keio.Sagamihara.KeioHorinouchi,35.62448,139.40032
107,多摩境,odpt.Station:Keio.Sagamihara.Tamasakai,35.60174,139.36693
107,京王稲田堤,odpt.Station:Keio.Sagamihara.KeioInadazutsumi,35.63417,139.53196
107,京王永山,odpt.Station:Keio.Sagamihara.KeioNagayama,35.63024,139.44821
107,京王多摩センター,odpt.Station:Keio.Sagamihara.KeioTamaCenter,35.62522,139.42416
107,京王多摩川,odpt.Station:Keio.Sagamihara.KeioTamagawa,35.64412,139.53632
107,京王よみうりランド,odpt.Station:Keio.Sagamihara.KeioYomiuriLand,35.63297,139.51729
107,南大沢,odpt.Station:Keio.Sagamihara.MinamiOsawa,35.61408,139.37983
107,若葉台,odpt.Station:Keio.Sagamihara.Wakabadai,35.61936,139.47234
108,狭間,odpt.Station:Keio.Takao.Hazama,35.64059,139.29364
108,京王片倉,odpt.Station:Keio.Takao.KeioKatakura,35.64436,139.33696
108,北野,odpt.Station:Keio.Takao.Kitano,35.64448,139.35418
108,めじろ台,odpt.Station:Keio.Takao.Mejirodai,35.64363,139.30846
108,高尾,odpt.Station:Keio.Takao.Takao,35.64168,139.28166
108,山田,odpt.Station:Keio.Takao.Yamada,35.64436,139.32076
110,あざみ野,odpt.Station:YokohamaMunicipal.Blue.Azamino,35.568022,139.553876
110,阪東橋,odpt.Station:YokohamaMunicipal.Blue.Bandobashi,35.437646,139.625296
110,センター北,odpt.Station:YokohamaMunicipal.Blue.CenterKita,35.553383,139.579045
110,センター南,odpt.Station:YokohamaMunicipal.Blue.CenterMinami,35.545633,139.574713
110,弘明寺,odpt.Station:YokohamaMunicipal.Blue.Gumyoji,35.423152,139.602039
110,伊勢佐木長者町,odpt.Station:YokohamaMunicipal.Blue.IsezakiChojamachi,35.441008,139.632601
110,上永谷,odpt.Station:YokohamaMunicipal.Blue.Kaminagaya,35.401456,139.573079
110,上大岡,odpt.Station:YokohamaMunicipal.Blue.Kamiooka,35.408451,139.595875
110,関内,odpt.Station:YokohamaMunicipal.Blue.Kannai,35.445714,139.635978
110,片倉町,odpt.Station:YokohamaMunicipal.Blue.Katakuracho,35.489974,139.606518
110,岸根公園,odpt.Station:YokohamaMunicipal.Blue.KishineKoen,35.495556,139.616656
110,北新横浜,odpt.Station:YokohamaMunicipal.Blue.KitaShinYokohama,35.519237,139.612816
110,港南中央,odpt.Station:YokohamaMunicipal.Blue.KonanChuo,35.401317,139.591578
110,舞岡,odpt.Station:YokohamaMunicipal.Blue.Maioka,35.402538,139.551498
110,蒔田,odpt.Station:YokohamaMunicipal.Blue.Maita,35.430203,139.610464
110,三ツ沢上町,odpt.Station:YokohamaMunicipal.Blue.MitsuzawaKamicho,35.47642,139.605408
110,三ツ沢下町,odpt.Station:YokohamaMunicipal.Blue.MitsuzawaShimocho,35.476517,139.615042
110,中田,odpt.Station:YokohamaMunicipal.Blue.Nakada,35.411199,139.511324
110,中川,odpt.Station:YokohamaMunicipal.Blue.Nakagawa,35.562659,139.570296
110,仲町台,odpt.Station:YokohamaMunicipal.Blue.Nakamachidai,35.53523,139.589828
110,新羽,odpt.Station:YokohamaMunicipal.Blue.Nippa,35.527081,139.612377
110,踊場,odpt.Station:YokohamaMunicipal.Blue.Odoriba,35.405704,139.518501
110,桜木町,odpt.Station:YokohamaMunicipal.Blue.Sakuragicho,35.449761,139.630626
110,下飯田,odpt.Station:YokohamaMunicipal.Blue.Shimoiida,35.403362,139.482969
110,下永谷,odpt.Station:YokohamaMunicipal.Blue.Shimonagaya,35.402844,139.559275
110,新横浜,odpt.Station:YokohamaMunicipal.Blue.ShinYokohama,35.508876,139.617318
110,湘南台,odpt.Station:YokohamaMunicipal.Blue.Shonandai,35.396565,139.466502
110,高島町,odpt.Station:YokohamaMunicipal.Blue.Takashimacho,35.458945,139.623477
110,立場,odpt.Station:YokohamaMunicipal.Blue.Tateba,35.41423,139.50028
110,戸塚,odpt.Station:YokohamaMunicipal.Blue.Totsuka,35.401142,139.535125
110,横浜,odpt.Station:YokohamaMunicipal.Blue.Yokohama,35.465624,139.619948
110,吉野町,odpt.Station:YokohamaMunicipal.Blue.Yoshinocho,35.435424,139.61888
109,センター北,odpt.Station:YokohamaMunicipal.Green.CenterKita,35.553383,139.579045
109,センター南,odpt.Station:YokohamaMunicipal.Green.CenterMinami,35.545633,139.574713
109,東山田,odpt.Station:YokohamaMunicipal.Green.HigashiYamata,35.554184,139.604928
109,日吉本町,odpt.Station:YokohamaMunicipal.Green.HiyoshiHoncho,35.549961,139.633413
109,日吉,odpt.Station:YokohamaMunicipal.Green.Hiyoshi,35.553207,139.647449
109,川和町,odpt.Station:YokohamaMunicipal.Green.Kawawacho,35.528382,139.549265
109,北山田,odpt.Station:YokohamaMunicipal.Green.KitaYamata,35.56095,139.592827
109,中山,odpt.Station:YokohamaMunicipal.Green.Nakayama,35.515143,139.540439
109,高田,odpt.Station:YokohamaMunicipal.Green.Takata,35.549594,139.620231
109,都筑ふれあいの丘,odpt.Station:YokohamaMunicipal.Green.TsuzukiFureainooka,35.536637,139.561611